sweep,voxel_size,distance_threshold,eps,min_points,ransac_iters,min_range,max_range,seed,frame,reps,p50_ms,p95_ms,crop_ms_p50,voxel_ms_p50,ground_ms_p50,cluster_ms_p50,box_ms_p50,cpu,python
baseline,0.1,0.15,0.5,5,200,2.0,40.0,0,scene-0103_010,20,106.05,122.353,3.606,5.838,68.335,13.91,12.87,"Intel64 Family 6 Model 142 Stepping 12, GenuineIntel",3.11.7
distance_threshold,0.1,0.05,0.5,5,200,2.0,40.0,0,scene-0103_010,20,112.432,132.54,3.578,5.968,68.505,17.972,16.47,"Intel64 Family 6 Model 142 Stepping 12, GenuineIntel",3.11.7
distance_threshold,0.1,0.1,0.5,5,200,2.0,40.0,0,scene-0103_010,20,106.269,121.866,3.635,5.99,67.89,14.551,14.298,"Intel64 Family 6 Model 142 Stepping 12, GenuineIntel",3.11.7
distance_threshold,0.1,0.15,0.5,5,200,2.0,40.0,0,scene-0103_010,20,105.001,126.432,3.698,6.574,67.607,13.306,12.759,"Intel64 Family 6 Model 142 Stepping 12, GenuineIntel",3.11.7
distance_threshold,0.1,0.2,0.5,5,200,2.0,40.0,0,scene-0103_010,20,103.49,115.254,3.494,6.536,67.804,13.141,11.74,"Intel64 Family 6 Model 142 Stepping 12, GenuineIntel",3.11.7
distance_threshold,0.1,0.3,0.5,5,200,2.0,40.0,0,scene-0103_010,20,99.971,117.043,3.559,6.182,67.07,11.911,10.703,"Intel64 Family 6 Model 142 Stepping 12, GenuineIntel",3.11.7
distance_threshold,0.1,0.5,0.5,5,200,2.0,40.0,0,scene-0103_010,20,98.922,125.805,3.453,6.036,67.259,11.774,9.442,"Intel64 Family 6 Model 142 Stepping 12, GenuineIntel",3.11.7
eps,0.1,0.15,0.3,5,200,2.0,40.0,0,scene-0103_010,20,100.394,119.584,3.663,5.959,68.763,10.982,10.662,"Intel64 Family 6 Model 142 Stepping 12, GenuineIntel",3.11.7
eps,0.1,0.15,0.5,5,200,2.0,40.0,0,scene-0103_010,20,101.097,141.96,3.493,5.791,66.85,13.098,12.245,"Intel64 Family 6 Model 142 Stepping 12, GenuineIntel",3.11.7
eps,0.1,0.15,0.8,5,200,2.0,40.0,0,scene-0103_010,20,111.469,152.149,3.546,6.617,72.018,18.128,10.743,"Intel64 Family 6 Model 142 Stepping 12, GenuineIntel",3.11.7
eps,0.1,0.15,1.2,5,200,2.0,40.0,0,scene-0103_010,20,112.859,173.402,3.608,7.128,69.663,24.034,7.147,"Intel64 Family 6 Model 142 Stepping 12, GenuineIntel",3.11.7
