sweep,voxel_size,distance_threshold,eps,min_points,ransac_iters,min_range,max_range,seed,n_frames,clusters_mean,precision_fov,nearest_obstacle_m_median,ground_ratio_mean,plane_tilt_max_deg,total_ms_mean,n_gt_Car,recall_Car,coverage_Car,merged_Car,retention_Car,n_gt_Pedestrian,recall_Pedestrian,coverage_Pedestrian,merged_Pedestrian,retention_Pedestrian,n_gt_Cyclist,recall_Cyclist,coverage_Cyclist,merged_Cyclist,retention_Cyclist,n_gt_all,recall_all,coverage_all,merged_all,retention_all,p50_ms,p95_ms
baseline,0.1,0.15,0.5,5,200,2.0,40.0,0,80,226.1375,0.1488,3.5274,0.3847,3.572,133.6689,259,0.9421,0.8301,3,0.9463,31,0.871,0.9355,4,0.9555,5,0.8,0.8,1,0.8824,295,0.9322,0.8407,8,0.9462,106.05,122.3535
distance_threshold,0.1,0.05,0.5,5,200,2.0,40.0,0,80,243.3625,0.1345,3.0482,0.2274,3.5306,141.4688,259,0.8919,0.8494,20,0.9814,31,0.7097,0.9355,9,0.9833,5,1.0,1.0,0,1.0,295,0.8746,0.861,29,0.9815,112.4318,132.5398
distance_threshold,0.1,0.1,0.5,5,200,2.0,40.0,0,80,234.0,0.1417,3.0612,0.3219,3.572,131.6132,259,0.9266,0.8301,10,0.968,31,0.7742,0.9355,7,0.9722,5,1.0,1.0,0,0.9608,295,0.9119,0.8441,17,0.968,106.2694,121.8663
distance_threshold,0.1,0.15,0.5,5,200,2.0,40.0,0,80,226.1375,0.1488,3.5274,0.3847,3.572,134.8065,259,0.9421,0.8301,3,0.9463,31,0.871,0.9355,4,0.9555,5,0.8,0.8,1,0.8824,295,0.9322,0.8407,8,0.9462,105.0005,126.4323
distance_threshold,0.1,0.2,0.5,5,200,2.0,40.0,0,80,216.475,0.1551,3.5274,0.426,3.572,128.6065,259,0.9537,0.8108,0,0.9181,31,0.871,0.9355,4,0.9332,5,0.8,0.8,1,0.9314,295,0.9424,0.8237,5,0.9185,103.4896,115.2542
distance_threshold,0.1,0.3,0.5,5,200,2.0,40.0,0,80,205.5625,0.1538,3.6431,0.4772,3.7388,133.4313,259,0.9498,0.749,0,0.8325,31,0.9032,0.9355,3,0.8701,5,0.8,0.8,0,0.8137,295,0.9424,0.7695,3,0.8333,99.9715,117.0433
distance_threshold,0.1,0.5,0.5,5,200,2.0,40.0,0,80,190.3,0.146,3.9124,0.5436,3.9406,117.7897,259,0.8726,0.556,1,0.6262,31,0.871,0.8387,3,0.7199,5,0.8,0.8,0,0.6667,295,0.8712,0.5898,4,0.6286,98.9221,125.8053
eps,0.1,0.15,0.3,5,200,2.0,40.0,0,80,204.125,0.2748,3.6327,0.3847,3.572,117.0858,259,0.6834,0.3822,0,0.9463,31,0.6774,0.3871,2,0.9555,5,0.4,0.2,2,0.8824,295,0.678,0.3797,4,0.9462,100.3937,119.5838
eps,0.1,0.15,0.5,5,200,2.0,40.0,0,80,226.1375,0.1488,3.5274,0.3847,3.572,122.7323,259,0.9421,0.8301,3,0.9463,31,0.871,0.9355,4,0.9555,5,0.8,0.8,1,0.8824,295,0.9322,0.8407,8,0.9462,101.0974,141.9597
eps,0.1,0.15,0.8,5,200,2.0,40.0,0,80,151.6875,0.1842,3.3511,0.3847,3.572,123.1763,259,0.9459,0.973,13,0.9463,31,0.8065,1.0,6,0.9555,5,0.4,0.8,3,0.8824,295,0.922,0.9729,22,0.9462,111.4691,152.1487
eps,0.1,0.15,1.2,5,200,2.0,40.0,0,80,91.7,0.2225,3.2552,0.3847,3.572,120.8811,259,0.8301,0.9807,43,0.9463,31,0.5484,1.0,14,0.9555,5,0.2,1.0,4,0.8824,295,0.7898,0.9831,61,0.9462,112.859,173.4017
