sweep,voxel_size,distance_threshold,eps,min_points,ransac_iters,min_range,max_range,seed,frame,n_clusters,n_clusters_fov,n_hit_fov,precision_fov,nearest_obstacle_m,plane_tilt_deg,n_points_down,ground_ratio,n_gt_Car,tp_Car,merged_Car,covered_Car,body_pts_Car,body_kept_Car,n_gt_Pedestrian,tp_Pedestrian,merged_Pedestrian,covered_Pedestrian,body_pts_Pedestrian,body_kept_Pedestrian,n_gt_Cyclist,tp_Cyclist,merged_Cyclist,covered_Cyclist,body_pts_Cyclist,body_kept_Cyclist,n_gt_all,tp_all,merged_all,covered_all,body_pts_all,body_kept_all,total_ms
baseline,0.1,0.15,0.5,5,200,2.0,40.0,0,000001,225,59,0,0.0,3.9457,1.8569,59616,0.4282,0,0,0,0,0,0,0,0,0,0,0,0,0,0,0,0,0,0,0,0,0,0,0,0,340.6316
baseline,0.1,0.15,0.5,5,200,2.0,40.0,0,000004,178,51,1,0.0196,4.8423,0.6397,53341,0.4589,0,0,0,0,0,0,0,0,0,0,0,0,0,0,0,0,0,0,0,0,0,0,0,0,294.2308
baseline,0.1,0.15,0.5,5,200,2.0,40.0,0,000007,257,49,2,0.0408,3.7799,0.5724,63706,0.4827,1,1,0,1,140,140,0,0,0,0,0,0,1,1,0,1,25,25,2,2,0,2,165,165,326.033
baseline,0.1,0.15,0.5,5,200,2.0,40.0,0,000008,136,32,5,0.1562,3.2158,0.6693,53096,0.2398,6,3,3,6,2503,2480,0,0,0,0,0,0,0,0,0,0,0,0,6,3,3,6,2503,2480,366.4185
baseline,0.1,0.15,0.5,5,200,2.0,40.0,0,000009,115,39,1,0.0256,3.5672,0.6566,58558,0.5449,1,1,0,1,148,134,0,0,0,0,0,0,0,0,0,0,0,0,1,1,0,1,148,134,279.6082
baseline,0.1,0.15,0.5,5,200,2.0,40.0,0,000010,264,66,13,0.197,4.02,1.6728,48636,0.3815,7,5,2,7,1591,1448,1,1,0,1,19,19,0,0,0,0,0,0,8,6,2,8,1610,1467,294.7717
baseline,0.1,0.15,0.5,5,200,2.0,40.0,0,000011,148,48,6,0.125,2.0172,1.8235,40479,0.3434,2,2,0,2,959,934,4,4,0,4,212,203,0,0,0,0,0,0,6,6,0,6,1171,1137,280.0233
baseline,0.1,0.15,0.5,5,200,2.0,40.0,0,000012,232,28,0,0.0,5.2751,0.521,48658,0.7092,0,0,0,0,0,0,0,0,0,0,0,0,0,0,0,0,0,0,0,0,0,0,0,0,224.0022
baseline,0.1,0.15,0.5,5,200,2.0,40.0,0,000015,201,80,3,0.0375,3.2694,1.5551,46656,0.3302,1,1,0,1,1019,979,4,3,1,4,301,294,0,0,0,0,0,0,5,4,1,5,1320,1273,293.5181
baseline,0.1,0.15,0.5,5,200,2.0,40.0,0,000016,279,48,8,0.1667,3.3662,1.8598,48342,0.5594,3,3,0,3,2509,2403,0,0,0,0,0,0,0,0,0,0,0,0,3,3,0,3,2509,2403,266.6022
baseline,0.1,0.15,0.5,5,200,2.0,40.0,0,000019,155,20,3,0.15,2.5674,2.6034,49125,0.2489,3,3,0,3,2473,2403,0,0,0,0,0,0,0,0,0,0,0,0,3,3,0,3,2473,2403,332.0559
baseline,0.1,0.15,0.5,5,200,2.0,40.0,0,000021,101,30,11,0.3667,2.1865,1.2597,51337,0.2779,7,7,0,7,1733,1703,0,0,0,0,0,0,1,1,0,1,291,268,8,8,0,8,2024,1971,317.0933
baseline,0.1,0.15,0.5,5,200,2.0,40.0,0,000023,216,53,0,0.0,3.9186,1.8521,60041,0.4229,0,0,0,0,0,0,0,0,0,0,0,0,0,0,0,0,0,0,0,0,0,0,0,0,336.3034
baseline,0.1,0.15,0.5,5,200,2.0,40.0,0,000025,114,23,4,0.1739,2.2254,1.0376,48977,0.1659,5,4,1,5,1125,1123,0,0,0,0,0,0,0,0,0,0,0,0,5,4,1,5,1125,1123,365.4879
baseline,0.1,0.15,0.5,5,200,2.0,40.0,0,000031,129,39,8,0.2051,2.3414,0.8582,49088,0.2942,5,5,0,5,1705,1653,0,0,0,0,0,0,0,0,0,0,0,0,5,5,0,5,1705,1653,317.1944
baseline,0.1,0.15,0.5,5,200,2.0,40.0,0,000032,136,28,10,0.3571,2.8113,1.2745,49647,0.2931,7,7,0,7,2631,2591,0,0,0,0,0,0,0,0,0,0,0,0,7,7,0,7,2631,2591,324.5759
baseline,0.1,0.15,0.5,5,200,2.0,40.0,0,000043,137,58,1,0.0172,2.8424,0.9856,44666,0.3481,0,0,0,0,0,0,4,2,2,4,348,324,0,0,0,0,0,0,4,2,2,4,348,324,320.5071
baseline,0.1,0.15,0.5,5,200,2.0,40.0,0,000048,249,79,3,0.038,2.0535,1.6009,49901,0.2419,0,0,0,0,0,0,3,3,0,3,276,272,1,1,0,1,39,39,4,4,0,4,315,311,375.6631
baseline,0.1,0.15,0.5,5,200,2.0,40.0,0,000049,147,56,22,0.3929,2.4238,1.7485,45792,0.2873,14,14,0,14,2759,2742,2,1,1,2,277,272,0,0,0,0,0,0,16,15,1,16,3036,3014,332.0138
baseline,0.1,0.15,0.5,5,200,2.0,40.0,0,000061,113,23,2,0.087,7.5554,0.7454,55956,0.3582,3,0,3,3,1021,925,0,0,0,0,0,0,0,0,0,0,0,0,3,0,3,3,1021,925,319.5609
distance_threshold,0.1,0.05,0.5,5,200,2.0,40.0,0,000001,267,75,0,0.0,3.9811,0.9129,59616,0.2189,0,0,0,0,0,0,0,0,0,0,0,0,0,0,0,0,0,0,0,0,0,0,0,0,321.4361
distance_threshold,0.1,0.05,0.5,5,200,2.0,40.0,0,000004,252,77,1,0.013,4.12,0.5483,53341,0.2471,0,0,0,0,0,0,0,0,0,0,0,0,0,0,0,0,0,0,0,0,0,0,0,0,287.7782
distance_threshold,0.1,0.05,0.5,5,200,2.0,40.0,0,000007,295,72,1,0.0139,3.7799,0.8279,63706,0.2566,1,0,1,1,140,140,0,0,0,0,0,0,1,1,0,1,25,25,2,1,1,2,165,165,318.3917
distance_threshold,0.1,0.05,0.5,5,200,2.0,40.0,0,000008,154,35,2,0.0571,3.2158,1.8706,53096,0.1123,6,2,4,6,2503,2344,0,0,0,0,0,0,0,0,0,0,0,0,6,2,4,6,2503,2344,362.5243
distance_threshold,0.1,0.05,0.5,5,200,2.0,40.0,0,000009,165,58,2,0.0345,3.5672,0.5543,58558,0.3557,1,1,0,1,148,146,0,0,0,0,0,0,0,0,0,0,0,0,1,1,0,1,148,146,376.5763
distance_threshold,0.1,0.05,0.5,5,200,2.0,40.0,0,000010,256,60,9,0.15,4.02,0.4155,48636,0.2144,7,5,2,7,1591,1591,1,1,0,1,19,19,0,0,0,0,0,0,8,6,2,8,1610,1610,307.2407
distance_threshold,0.1,0.05,0.5,5,200,2.0,40.0,0,000011,184,70,3,0.0429,2.0172,1.8235,40479,0.2404,2,1,1,2,959,957,4,2,2,4,212,210,0,0,0,0,0,0,6,3,3,6,1171,1167,213.9959
distance_threshold,0.1,0.05,0.5,5,200,2.0,40.0,0,000012,274,54,0,0.0,3.6747,0.4193,48658,0.5018,0,0,0,0,0,0,0,0,0,0,0,0,0,0,0,0,0,0,0,0,0,0,0,0,195.0882
distance_threshold,0.1,0.05,0.5,5,200,2.0,40.0,0,000015,195,78,1,0.0128,3.2694,1.2596,46656,0.1781,1,0,1,1,1019,1019,4,2,2,4,301,301,0,0,0,0,0,0,5,2,3,5,1320,1320,284.6432
distance_threshold,0.1,0.05,0.5,5,200,2.0,40.0,0,000016,321,58,9,0.1552,3.2333,2.16,48342,0.2806,3,3,0,3,2509,2470,0,0,0,0,0,0,0,0,0,0,0,0,3,3,0,3,2509,2470,273.2453
distance_threshold,0.1,0.05,0.5,5,200,2.0,40.0,0,000019,176,52,2,0.0385,2.5674,1.3293,49125,0.1095,3,1,2,3,2473,2471,0,0,0,0,0,0,0,0,0,0,0,0,3,1,2,3,2473,2471,312.6797
distance_threshold,0.1,0.05,0.5,5,200,2.0,40.0,0,000021,101,36,13,0.3611,2.1865,1.2597,51337,0.1407,7,6,1,7,1733,1731,0,0,0,0,0,0,1,0,1,1,291,291,8,6,2,8,2024,2022,284.5101
distance_threshold,0.1,0.05,0.5,5,200,2.0,40.0,0,000023,253,56,0,0.0,3.8791,0.7449,60041,0.2174,0,0,0,0,0,0,0,0,0,0,0,0,0,0,0,0,0,0,0,0,0,0,0,0,343.6108
distance_threshold,0.1,0.05,0.5,5,200,2.0,40.0,0,000025,121,34,4,0.1176,2.2254,1.0376,48977,0.0917,5,3,2,5,1125,1125,0,0,0,0,0,0,0,0,0,0,0,0,5,3,2,5,1125,1125,403.5095
distance_threshold,0.1,0.05,0.5,5,200,2.0,40.0,0,000031,155,65,6,0.0923,2.3414,0.829,49088,0.139,5,3,2,5,1705,1705,0,0,0,0,0,0,0,0,0,0,0,0,5,3,2,5,1705,1705,354.8035
distance_threshold,0.1,0.05,0.5,5,200,2.0,40.0,0,000032,161,39,8,0.2051,2.8113,1.0057,49647,0.1789,7,5,2,7,2631,2631,0,0,0,0,0,0,0,0,0,0,0,0,7,5,2,7,2631,2631,706.3398
distance_threshold,0.1,0.05,0.5,5,200,2.0,40.0,0,000043,168,67,0,0.0,2.8424,1.8874,44666,0.2119,0,0,0,0,0,0,4,0,4,4,348,340,0,0,0,0,0,0,4,0,4,4,348,340,419.1984
distance_threshold,0.1,0.05,0.5,5,200,2.0,40.0,0,000048,283,99,2,0.0202,2.0535,1.1812,49901,0.1466,0,0,0,0,0,0,3,3,0,3,276,276,1,0,1,1,39,39,4,3,1,4,315,315,628.338
distance_threshold,0.1,0.05,0.5,5,200,2.0,40.0,0,000049,194,70,22,0.3143,2.4238,1.7485,45792,0.203,14,14,0,14,2759,2759,2,1,1,2,277,277,0,0,0,0,0,0,16,15,1,16,3036,3036,272.4353
distance_threshold,0.1,0.05,0.5,5,200,2.0,40.0,0,000061,142,25,2,0.08,4.1227,0.7454,55956,0.2151,3,0,3,3,1021,985,0,0,0,0,0,0,0,0,0,0,0,0,3,0,3,3,1021,985,421.0759
distance_threshold,0.1,0.1,0.5,5,200,2.0,40.0,0,000001,222,59,0,0.0,3.942,1.8569,59616,0.3237,0,0,0,0,0,0,0,0,0,0,0,0,0,0,0,0,0,0,0,0,0,0,0,0,871.3969
distance_threshold,0.1,0.1,0.5,5,200,2.0,40.0,0,000004,211,68,1,0.0147,4.8316,0.6397,53341,0.3961,0,0,0,0,0,0,0,0,0,0,0,0,0,0,0,0,0,0,0,0,0,0,0,0,690.0996
distance_threshold,0.1,0.1,0.5,5,200,2.0,40.0,0,000007,357,91,2,0.022,3.7799,0.5724,63706,0.3875,1,1,0,1,140,140,0,0,0,0,0,0,1,1,0,1,25,25,2,2,0,2,165,165,694.0754
distance_threshold,0.1,0.1,0.5,5,200,2.0,40.0,0,000008,153,39,2,0.0513,3.2158,1.8706,53096,0.1753,6,2,4,6,2503,2194,0,0,0,0,0,0,0,0,0,0,0,0,6,2,4,6,2503,2194,402.3583
distance_threshold,0.1,0.1,0.5,5,200,2.0,40.0,0,000009,200,67,3,0.0448,3.5672,0.6566,58558,0.493,1,1,0,1,148,138,0,0,0,0,0,0,0,0,0,0,0,0,1,1,0,1,148,138,304.8598
distance_threshold,0.1,0.1,0.5,5,200,2.0,40.0,0,000010,250,69,7,0.1014,3.9887,1.0299,48636,0.2953,7,5,2,7,1591,1512,1,1,0,1,19,19,0,0,0,0,0,0,8,6,2,8,1610,1531,267.4944
distance_threshold,0.1,0.1,0.5,5,200,2.0,40.0,0,000011,162,60,6,0.1,2.0172,1.8235,40479,0.3114,2,2,0,2,959,954,4,4,0,4,212,205,0,0,0,0,0,0,6,6,0,6,1171,1159,233.9479
distance_threshold,0.1,0.1,0.5,5,200,2.0,40.0,0,000012,258,35,0,0.0,3.6747,0.4193,48658,0.63,0,0,0,0,0,0,0,0,0,0,0,0,0,0,0,0,0,0,0,0,0,0,0,0,208.4411
distance_threshold,0.1,0.1,0.5,5,200,2.0,40.0,0,000015,207,82,3,0.0366,3.2694,1.5551,46656,0.2806,1,1,0,1,1019,1009,4,3,1,4,301,297,0,0,0,0,0,0,5,4,1,5,1320,1306,276.8984
distance_threshold,0.1,0.1,0.5,5,200,2.0,40.0,0,000016,261,41,11,0.2683,3.3662,1.9621,48342,0.4331,3,3,0,3,2509,2402,0,0,0,0,0,0,0,0,0,0,0,0,3,3,0,3,2509,2402,222.005
distance_threshold,0.1,0.1,0.5,5,200,2.0,40.0,0,000019,161,35,3,0.0857,2.5674,2.275,49125,0.1906,3,2,1,3,2473,2459,0,0,0,0,0,0,0,0,0,0,0,0,3,2,1,3,2473,2459,282.6845
distance_threshold,0.1,0.1,0.5,5,200,2.0,40.0,0,000021,114,32,12,0.375,2.1865,1.2597,51337,0.2293,7,7,0,7,1733,1723,0,0,0,0,0,0,1,1,0,1,291,278,8,8,0,8,2024,2001,286.7927
distance_threshold,0.1,0.1,0.5,5,200,2.0,40.0,0,000023,223,58,0,0.0,3.8791,2.1384,60041,0.3282,0,0,0,0,0,0,0,0,0,0,0,0,0,0,0,0,0,0,0,0,0,0,0,0,289.7
distance_threshold,0.1,0.1,0.5,5,200,2.0,40.0,0,000025,123,27,4,0.1481,2.2254,1.0376,48977,0.1308,5,4,1,5,1125,1125,0,0,0,0,0,0,0,0,0,0,0,0,5,4,1,5,1125,1125,293.9079
distance_threshold,0.1,0.1,0.5,5,200,2.0,40.0,0,000031,140,53,7,0.1321,2.3414,0.8582,49088,0.2167,5,4,1,5,1705,1692,0,0,0,0,0,0,0,0,0,0,0,0,5,4,1,5,1705,1692,284.5811
distance_threshold,0.1,0.1,0.5,5,200,2.0,40.0,0,000032,132,31,10,0.3226,2.8113,0.8734,49647,0.241,7,7,0,7,2631,2631,0,0,0,0,0,0,0,0,0,0,0,0,7,7,0,7,2631,2631,289.1003
distance_threshold,0.1,0.1,0.5,5,200,2.0,40.0,0,000043,139,55,0,0.0,2.8424,0.9856,44666,0.3042,0,0,0,0,0,0,4,0,4,4,348,330,0,0,0,0,0,0,4,0,4,4,348,330,277.1091
distance_threshold,0.1,0.1,0.5,5,200,2.0,40.0,0,000048,262,80,3,0.0375,2.0535,1.6009,49901,0.1995,0,0,0,0,0,0,3,3,0,3,276,275,1,1,0,1,39,39,4,4,0,4,315,314,338.9116
distance_threshold,0.1,0.1,0.5,5,200,2.0,40.0,0,000049,162,59,22,0.3729,2.4238,1.7485,45792,0.2529,14,14,0,14,2759,2757,2,1,1,2,277,277,0,0,0,0,0,0,16,15,1,16,3036,3034,316.033
distance_threshold,0.1,0.1,0.5,5,200,2.0,40.0,0,000061,125,22,2,0.0909,5.4531,0.7454,55956,0.306,3,0,3,3,1021,947,0,0,0,0,0,0,0,0,0,0,0,0,3,0,3,3,1021,947,310.3683
distance_threshold,0.1,0.15,0.5,5,200,2.0,40.0,0,000001,225,59,0,0.0,3.9457,1.8569,59616,0.4282,0,0,0,0,0,0,0,0,0,0,0,0,0,0,0,0,0,0,0,0,0,0,0,0,297.2129
distance_threshold,0.1,0.15,0.5,5,200,2.0,40.0,0,000004,178,51,1,0.0196,4.8423,0.6397,53341,0.4589,0,0,0,0,0,0,0,0,0,0,0,0,0,0,0,0,0,0,0,0,0,0,0,0,260.0263
distance_threshold,0.1,0.15,0.5,5,200,2.0,40.0,0,000007,257,49,2,0.0408,3.7799,0.5724,63706,0.4827,1,1,0,1,140,140,0,0,0,0,0,0,1,1,0,1,25,25,2,2,0,2,165,165,283.4757
distance_threshold,0.1,0.15,0.5,5,200,2.0,40.0,0,000008,136,32,5,0.1562,3.2158,0.6693,53096,0.2398,6,3,3,6,2503,2480,0,0,0,0,0,0,0,0,0,0,0,0,6,3,3,6,2503,2480,311.365
distance_threshold,0.1,0.15,0.5,5,200,2.0,40.0,0,000009,115,39,1,0.0256,3.5672,0.6566,58558,0.5449,1,1,0,1,148,134,0,0,0,0,0,0,0,0,0,0,0,0,1,1,0,1,148,134,252.8453
distance_threshold,0.1,0.15,0.5,5,200,2.0,40.0,0,000010,264,66,13,0.197,4.02,1.6728,48636,0.3815,7,5,2,7,1591,1448,1,1,0,1,19,19,0,0,0,0,0,0,8,6,2,8,1610,1467,252.1625
distance_threshold,0.1,0.15,0.5,5,200,2.0,40.0,0,000011,148,48,6,0.125,2.0172,1.8235,40479,0.3434,2,2,0,2,959,934,4,4,0,4,212,203,0,0,0,0,0,0,6,6,0,6,1171,1137,235.4541
distance_threshold,0.1,0.15,0.5,5,200,2.0,40.0,0,000012,232,28,0,0.0,5.2751,0.521,48658,0.7092,0,0,0,0,0,0,0,0,0,0,0,0,0,0,0,0,0,0,0,0,0,0,0,0,193.5752
distance_threshold,0.1,0.15,0.5,5,200,2.0,40.0,0,000015,201,80,3,0.0375,3.2694,1.5551,46656,0.3302,1,1,0,1,1019,979,4,3,1,4,301,294,0,0,0,0,0,0,5,4,1,5,1320,1273,272.6324
distance_threshold,0.1,0.15,0.5,5,200,2.0,40.0,0,000016,279,48,8,0.1667,3.3662,1.8598,48342,0.5594,3,3,0,3,2509,2403,0,0,0,0,0,0,0,0,0,0,0,0,3,3,0,3,2509,2403,235.7912
distance_threshold,0.1,0.15,0.5,5,200,2.0,40.0,0,000019,155,20,3,0.15,2.5674,2.6034,49125,0.2489,3,3,0,3,2473,2403,0,0,0,0,0,0,0,0,0,0,0,0,3,3,0,3,2473,2403,282.0378
distance_threshold,0.1,0.15,0.5,5,200,2.0,40.0,0,000021,101,30,11,0.3667,2.1865,1.2597,51337,0.2779,7,7,0,7,1733,1703,0,0,0,0,0,0,1,1,0,1,291,268,8,8,0,8,2024,1971,289.7485
distance_threshold,0.1,0.15,0.5,5,200,2.0,40.0,0,000023,216,53,0,0.0,3.9186,1.8521,60041,0.4229,0,0,0,0,0,0,0,0,0,0,0,0,0,0,0,0,0,0,0,0,0,0,0,0,296.5811
distance_threshold,0.1,0.15,0.5,5,200,2.0,40.0,0,000025,114,23,4,0.1739,2.2254,1.0376,48977,0.1659,5,4,1,5,1125,1123,0,0,0,0,0,0,0,0,0,0,0,0,5,4,1,5,1125,1123,295.2013
distance_threshold,0.1,0.15,0.5,5,200,2.0,40.0,0,000031,129,39,8,0.2051,2.3414,0.8582,49088,0.2942,5,5,0,5,1705,1653,0,0,0,0,0,0,0,0,0,0,0,0,5,5,0,5,1705,1653,292.0771
distance_threshold,0.1,0.15,0.5,5,200,2.0,40.0,0,000032,136,28,10,0.3571,2.8113,1.2745,49647,0.2931,7,7,0,7,2631,2591,0,0,0,0,0,0,0,0,0,0,0,0,7,7,0,7,2631,2591,327.7798
distance_threshold,0.1,0.15,0.5,5,200,2.0,40.0,0,000043,137,58,1,0.0172,2.8424,0.9856,44666,0.3481,0,0,0,0,0,0,4,2,2,4,348,324,0,0,0,0,0,0,4,2,2,4,348,324,260.8085
distance_threshold,0.1,0.15,0.5,5,200,2.0,40.0,0,000048,249,79,3,0.038,2.0535,1.6009,49901,0.2419,0,0,0,0,0,0,3,3,0,3,276,272,1,1,0,1,39,39,4,4,0,4,315,311,334.4942
distance_threshold,0.1,0.15,0.5,5,200,2.0,40.0,0,000049,147,56,22,0.3929,2.4238,1.7485,45792,0.2873,14,14,0,14,2759,2742,2,1,1,2,277,272,0,0,0,0,0,0,16,15,1,16,3036,3014,272.2836
distance_threshold,0.1,0.15,0.5,5,200,2.0,40.0,0,000061,113,23,2,0.087,7.5554,0.7454,55956,0.3582,3,0,3,3,1021,925,0,0,0,0,0,0,0,0,0,0,0,0,3,0,3,3,1021,925,293.7168
distance_threshold,0.1,0.2,0.5,5,200,2.0,40.0,0,000001,199,44,0,0.0,4.0019,1.8569,59616,0.518,0,0,0,0,0,0,0,0,0,0,0,0,0,0,0,0,0,0,0,0,0,0,0,0,269.8168
distance_threshold,0.1,0.2,0.5,5,200,2.0,40.0,0,000004,183,31,1,0.0323,7.3552,0.6682,53341,0.499,0,0,0,0,0,0,0,0,0,0,0,0,0,0,0,0,0,0,0,0,0,0,0,0,228.4811
distance_threshold,0.1,0.2,0.5,5,200,2.0,40.0,0,000007,273,77,2,0.026,3.8417,0.8279,63706,0.5461,1,1,0,1,140,125,0,0,0,0,0,0,1,1,0,1,25,24,2,2,0,2,165,149,256.5191
distance_threshold,0.1,0.2,0.5,5,200,2.0,40.0,0,000008,125,31,4,0.129,3.2158,0.6693,53096,0.2777,6,4,2,6,2503,2426,0,0,0,0,0,0,0,0,0,0,0,0,6,4,2,6,2503,2426,288.8513
distance_threshold,0.1,0.2,0.5,5,200,2.0,40.0,0,000009,118,19,1,0.0526,3.5672,0.527,58558,0.576,1,1,0,1,148,134,0,0,0,0,0,0,0,0,0,0,0,0,1,1,0,1,148,134,242.3364
distance_threshold,0.1,0.2,0.5,5,200,2.0,40.0,0,000010,250,59,10,0.1695,4.0706,1.6728,48636,0.4309,7,5,2,6,1591,1402,1,1,0,1,19,19,0,0,0,0,0,0,8,6,2,7,1610,1421,239.0179
distance_threshold,0.1,0.2,0.5,5,200,2.0,40.0,0,000011,143,46,5,0.1087,2.0172,1.5562,40479,0.3622,2,2,0,2,959,863,4,4,0,4,212,194,0,0,0,0,0,0,6,6,0,6,1171,1057,221.7387
distance_threshold,0.1,0.2,0.5,5,200,2.0,40.0,0,000012,159,22,0,0.0,5.2751,0.7785,48658,0.7712,0,0,0,0,0,0,0,0,0,0,0,0,0,0,0,0,0,0,0,0,0,0,0,0,173.9233
distance_threshold,0.1,0.2,0.5,5,200,2.0,40.0,0,000015,200,75,3,0.04,3.2694,1.5551,46656,0.3607,1,1,0,1,1019,943,4,3,1,4,301,290,0,0,0,0,0,0,5,4,1,5,1320,1233,253.977
distance_threshold,0.1,0.2,0.5,5,200,2.0,40.0,0,000016,217,42,10,0.2381,3.3662,1.6902,48342,0.6667,3,3,0,3,2509,2278,0,0,0,0,0,0,0,0,0,0,0,0,3,3,0,3,2509,2278,199.359
distance_threshold,0.1,0.2,0.5,5,200,2.0,40.0,0,000019,153,18,3,0.1667,2.5674,2.6034,49125,0.2902,3,3,0,3,2473,2359,0,0,0,0,0,0,0,0,0,0,0,0,3,3,0,3,2473,2359,266.9063
distance_threshold,0.1,0.2,0.5,5,200,2.0,40.0,0,000021,88,41,10,0.2439,2.1865,1.8596,51337,0.3339,7,6,1,6,1733,1405,0,0,0,0,0,0,1,0,1,1,291,213,8,6,2,7,2024,1618,324.9427
distance_threshold,0.1,0.2,0.5,5,200,2.0,40.0,0,000023,206,46,0,0.0,3.9713,1.8521,60041,0.5101,0,0,0,0,0,0,0,0,0,0,0,0,0,0,0,0,0,0,0,0,0,0,0,0,337.553
distance_threshold,0.1,0.2,0.5,5,200,2.0,40.0,0,000025,118,31,1,0.0323,2.3634,3.2529,48977,0.2002,5,1,4,5,1125,820,0,0,0,0,0,0,0,0,0,0,0,0,5,1,4,5,1125,820,289.9683
distance_threshold,0.1,0.2,0.5,5,200,2.0,40.0,0,000031,126,39,8,0.2051,2.3414,0.8582,49088,0.3312,5,5,0,5,1705,1611,0,0,0,0,0,0,0,0,0,0,0,0,5,5,0,5,1705,1611,271.4351
distance_threshold,0.1,0.2,0.5,5,200,2.0,40.0,0,000032,130,28,10,0.3571,2.8113,1.2745,49647,0.3212,7,7,0,7,2631,2549,0,0,0,0,0,0,0,0,0,0,0,0,7,7,0,7,2631,2549,275.6495
distance_threshold,0.1,0.2,0.5,5,200,2.0,40.0,0,000043,133,53,1,0.0189,2.8424,0.9856,44666,0.3738,0,0,0,0,0,0,4,2,2,4,348,319,0,0,0,0,0,0,4,2,2,4,348,319,258.7285
distance_threshold,0.1,0.2,0.5,5,200,2.0,40.0,0,000048,237,79,3,0.038,2.0535,1.6009,49901,0.2641,0,0,0,0,0,0,3,3,0,3,276,268,1,1,0,1,39,36,4,4,0,4,315,304,323.8799
distance_threshold,0.1,0.2,0.5,5,200,2.0,40.0,0,000049,164,51,22,0.4314,2.4238,1.1722,45792,0.3378,14,14,0,14,2759,2558,2,1,1,2,277,237,0,0,0,0,0,0,16,15,1,16,3036,2795,249.6713
distance_threshold,0.1,0.2,0.5,5,200,2.0,40.0,0,000061,124,26,4,0.1538,7.5554,0.7821,55956,0.3881,3,2,1,3,1021,932,0,0,0,0,0,0,0,0,0,0,0,0,3,2,1,3,1021,932,285.0567
distance_threshold,0.1,0.3,0.5,5,200,2.0,40.0,0,000001,131,23,0,0.0,4.0234,2.3046,59616,0.5855,0,0,0,0,0,0,0,0,0,0,0,0,0,0,0,0,0,0,0,0,0,0,0,0,263.1574
distance_threshold,0.1,0.3,0.5,5,200,2.0,40.0,0,000004,208,45,1,0.0222,4.1087,1.6122,53341,0.5601,0,0,0,0,0,0,0,0,0,0,0,0,0,0,0,0,0,0,0,0,0,0,0,0,269.3159
distance_threshold,0.1,0.3,0.5,5,200,2.0,40.0,0,000007,183,35,2,0.0571,4.0331,0.8279,63706,0.6221,1,1,0,1,140,125,0,0,0,0,0,0,1,1,0,1,25,22,2,2,0,2,165,147,281.0023
distance_threshold,0.1,0.3,0.5,5,200,2.0,40.0,0,000008,148,30,5,0.1667,3.2158,0.6545,53096,0.3264,6,5,1,6,2503,2244,0,0,0,0,0,0,0,0,0,0,0,0,6,5,1,6,2503,2244,298.5192
distance_threshold,0.1,0.3,0.5,5,200,2.0,40.0,0,000009,85,19,1,0.0526,3.6196,0.7265,58558,0.6132,1,1,0,1,148,113,0,0,0,0,0,0,0,0,0,0,0,0,1,1,0,1,148,113,243.8411
distance_threshold,0.1,0.3,0.5,5,200,2.0,40.0,0,000010,236,53,12,0.2264,4.085,0.9568,48636,0.541,7,7,0,6,1591,1130,1,1,0,1,19,19,0,0,0,0,0,0,8,8,0,7,1610,1149,217.7861
distance_threshold,0.1,0.3,0.5,5,200,2.0,40.0,0,000011,140,42,5,0.119,2.0172,1.5562,40479,0.3853,2,2,0,2,959,800,4,4,0,4,212,171,0,0,0,0,0,0,6,6,0,6,1171,971,209.7042
distance_threshold,0.1,0.3,0.5,5,200,2.0,40.0,0,000012,123,19,0,0.0,5.2751,1.0079,48658,0.8136,0,0,0,0,0,0,0,0,0,0,0,0,0,0,0,0,0,0,0,0,0,0,0,0,176.4002
distance_threshold,0.1,0.3,0.5,5,200,2.0,40.0,0,000015,221,71,2,0.0282,3.2694,1.2481,46656,0.4098,1,1,0,1,1019,805,4,3,1,4,301,285,0,0,0,0,0,0,5,4,1,5,1320,1090,251.6698
distance_threshold,0.1,0.3,0.5,5,200,2.0,40.0,0,000016,145,12,8,0.6667,3.3662,1.1971,48342,0.7822,3,3,0,3,2509,2092,0,0,0,0,0,0,0,0,0,0,0,0,3,3,0,3,2509,2092,202.8733
distance_threshold,0.1,0.3,0.5,5,200,2.0,40.0,0,000019,140,16,3,0.1875,2.5674,1.3293,49125,0.3707,3,3,0,3,2473,2320,0,0,0,0,0,0,0,0,0,0,0,0,3,3,0,3,2473,2320,275.5181
distance_threshold,0.1,0.3,0.5,5,200,2.0,40.0,0,000021,91,43,14,0.3256,2.1865,1.8596,51337,0.3992,7,7,0,4,1733,1256,0,0,0,0,0,0,1,1,0,1,291,184,8,8,0,5,2024,1440,265.1245
distance_threshold,0.1,0.3,0.5,5,200,2.0,40.0,0,000023,123,23,0,0.0,4.3091,1.9417,60041,0.5862,0,0,0,0,0,0,0,0,0,0,0,0,0,0,0,0,0,0,0,0,0,0,0,0,250.8184
distance_threshold,0.1,0.3,0.5,5,200,2.0,40.0,0,000025,127,35,1,0.0286,2.3634,3.2529,48977,0.2772,5,2,3,3,1125,676,0,0,0,0,0,0,0,0,0,0,0,0,5,2,3,3,1125,676,261.5167
distance_threshold,0.1,0.3,0.5,5,200,2.0,40.0,0,000031,110,35,8,0.2286,2.3414,0.8582,49088,0.3959,5,5,0,5,1705,1502,0,0,0,0,0,0,0,0,0,0,0,0,5,5,0,5,1705,1502,245.918
distance_threshold,0.1,0.3,0.5,5,200,2.0,40.0,0,000032,126,31,10,0.3226,2.8113,1.2651,49647,0.361,7,7,0,7,2631,2293,0,0,0,0,0,0,0,0,0,0,0,0,7,7,0,7,2631,2293,255.9865
distance_threshold,0.1,0.3,0.5,5,200,2.0,40.0,0,000043,146,66,2,0.0303,2.8424,1.4078,44666,0.4296,0,0,0,0,0,0,4,4,0,4,348,272,0,0,0,0,0,0,4,4,0,4,348,272,227.1707
distance_threshold,0.1,0.3,0.5,5,200,2.0,40.0,0,000048,264,82,3,0.0366,2.0535,1.0895,49901,0.3307,0,0,0,0,0,0,3,3,0,3,276,239,1,1,0,1,39,28,4,4,0,4,315,267,285.6685
distance_threshold,0.1,0.3,0.5,5,200,2.0,40.0,0,000049,142,48,22,0.4583,2.4238,1.1722,45792,0.3861,14,14,0,14,2759,2392,2,1,1,2,277,215,0,0,0,0,0,0,16,15,1,16,3036,2607,240.2481
distance_threshold,0.1,0.3,0.5,5,200,2.0,40.0,0,000061,120,26,4,0.1538,7.5554,1.3061,55956,0.4446,3,3,0,3,1021,844,0,0,0,0,0,0,0,0,0,0,0,0,3,3,0,3,1021,844,270.7379
distance_threshold,0.1,0.5,0.5,5,200,2.0,40.0,0,000001,112,18,0,0.0,5.1865,2.5846,59616,0.6532,0,0,0,0,0,0,0,0,0,0,0,0,0,0,0,0,0,0,0,0,0,0,0,0,223.1055
distance_threshold,0.1,0.5,0.5,5,200,2.0,40.0,0,000004,180,36,1,0.0278,7.9979,1.661,53341,0.6697,0,0,0,0,0,0,0,0,0,0,0,0,0,0,0,0,0,0,0,0,0,0,0,0,288.72
distance_threshold,0.1,0.5,0.5,5,200,2.0,40.0,0,000007,133,18,2,0.1111,4.3975,0.5011,63706,0.6869,1,1,0,1,140,107,0,0,0,0,0,0,1,1,0,1,25,18,2,2,0,2,165,125,235.1357
distance_threshold,0.1,0.5,0.5,5,200,2.0,40.0,0,000008,139,37,5,0.1351,3.3551,2.4519,53096,0.4469,6,6,0,2,2503,677,0,0,0,0,0,0,0,0,0,0,0,0,6,6,0,2,2503,677,248.1604
distance_threshold,0.1,0.5,0.5,5,200,2.0,40.0,0,000009,71,8,1,0.125,3.6642,0.7265,58558,0.6504,1,1,0,0,148,79,0,0,0,0,0,0,0,0,0,0,0,0,1,1,0,0,148,79,223.6657
distance_threshold,0.1,0.5,0.5,5,200,2.0,40.0,0,000010,134,19,9,0.4737,4.4999,0.5863,48636,0.7019,7,7,0,0,1591,553,1,1,0,1,19,19,0,0,0,0,0,0,8,8,0,1,1610,572,222.8619
distance_threshold,0.1,0.5,0.5,5,200,2.0,40.0,0,000011,131,38,4,0.1053,2.0172,2.0518,40479,0.4452,2,2,0,2,959,649,4,3,1,3,212,151,0,0,0,0,0,0,6,5,1,5,1171,800,216.6038
distance_threshold,0.1,0.5,0.5,5,200,2.0,40.0,0,000012,112,19,0,0.0,5.4014,0.9808,48658,0.8489,0,0,0,0,0,0,0,0,0,0,0,0,0,0,0,0,0,0,0,0,0,0,0,0,179.2519
distance_threshold,0.1,0.5,0.5,5,200,2.0,40.0,0,000015,184,71,2,0.0282,3.4581,1.2481,46656,0.4789,1,1,0,1,1019,635,4,3,1,4,301,249,0,0,0,0,0,0,5,4,1,5,1320,884,262.2533
distance_threshold,0.1,0.5,0.5,5,200,2.0,40.0,0,000016,150,25,13,0.52,3.3662,1.1596,48342,0.8556,3,3,0,1,2509,1527,0,0,0,0,0,0,0,0,0,0,0,0,3,3,0,1,2509,1527,173.7559
distance_threshold,0.1,0.5,0.5,5,200,2.0,40.0,0,000019,154,23,4,0.1739,3.3801,2.9554,49125,0.4748,3,3,0,3,2473,1860,0,0,0,0,0,0,0,0,0,0,0,0,3,3,0,3,2473,1860,239.2201
distance_threshold,0.1,0.5,0.5,5,200,2.0,40.0,0,000021,91,40,13,0.325,2.1865,1.9174,51337,0.5367,7,7,0,2,1733,831,0,0,0,0,0,0,1,1,0,0,291,85,8,8,0,2,2024,916,234.9668
distance_threshold,0.1,0.5,0.5,5,200,2.0,40.0,0,000023,150,38,0,0.0,4.0025,3.4216,60041,0.636,0,0,0,0,0,0,0,0,0,0,0,0,0,0,0,0,0,0,0,0,0,0,0,0,228.4837
distance_threshold,0.1,0.5,0.5,5,200,2.0,40.0,0,000025,130,30,0,0.0,2.4981,3.5947,48977,0.4165,5,0,5,3,1125,435,0,0,0,0,0,0,0,0,0,0,0,0,5,0,5,3,1125,435,235.8744
distance_threshold,0.1,0.5,0.5,5,200,2.0,40.0,0,000031,132,50,7,0.14,2.3414,1.8713,49088,0.52,5,5,0,2,1705,831,0,0,0,0,0,0,0,0,0,0,0,0,5,5,0,2,1705,831,218.4415
distance_threshold,0.1,0.5,0.5,5,200,2.0,40.0,0,000032,143,29,10,0.3448,3.3523,0.4111,49647,0.4862,7,7,0,6,2631,1867,0,0,0,0,0,0,0,0,0,0,0,0,7,7,0,6,2631,1867,232.94
distance_threshold,0.1,0.5,0.5,5,200,2.0,40.0,0,000043,142,51,2,0.0392,2.8424,2.2103,44666,0.5328,0,0,0,0,0,0,4,3,1,2,348,177,0,0,0,0,0,0,4,3,1,2,348,177,214.812
distance_threshold,0.1,0.5,0.5,5,200,2.0,40.0,0,000048,263,72,3,0.0417,2.0773,0.6671,49901,0.4406,0,0,0,0,0,0,3,3,0,3,276,173,1,1,0,1,39,23,4,4,0,4,315,196,262.1149
distance_threshold,0.1,0.5,0.5,5,200,2.0,40.0,0,000049,171,67,20,0.2985,2.4238,2.4016,45792,0.4829,14,13,0,2,2759,755,2,1,1,0,277,90,0,0,0,0,0,0,16,14,1,2,3036,845,223.3984
distance_threshold,0.1,0.5,0.5,5,200,2.0,40.0,0,000061,122,25,5,0.2,7.6604,1.5359,55956,0.5393,3,3,0,1,1021,623,0,0,0,0,0,0,0,0,0,0,0,0,3,3,0,1,1021,623,244.5986
voxel_size,0.05,0.15,0.5,5,200,2.0,40.0,0,000001,221,54,0,0.0,3.9433,1.9609,86325,0.4809,0,0,0,0,0,0,0,0,0,0,0,0,0,0,0,0,0,0,0,0,0,0,0,0,480.8546
voxel_size,0.05,0.15,0.5,5,200,2.0,40.0,0,000004,191,39,1,0.0256,4.8355,0.6857,80778,0.5379,0,0,0,0,0,0,0,0,0,0,0,0,0,0,0,0,0,0,0,0,0,0,0,0,388.821
voxel_size,0.05,0.15,0.5,5,200,2.0,40.0,0,000007,334,87,2,0.023,3.7799,0.7065,89131,0.549,1,1,0,1,170,170,0,0,0,0,0,0,1,1,0,1,25,25,2,2,0,2,195,195,420.6328
voxel_size,0.05,0.15,0.5,5,200,2.0,40.0,0,000008,150,44,6,0.1364,3.2158,0.8704,83959,0.2996,6,6,0,6,5285,5122,0,0,0,0,0,0,0,0,0,0,0,0,6,6,0,6,5285,5122,627.5017
voxel_size,0.05,0.15,0.5,5,200,2.0,40.0,0,000009,133,38,1,0.0263,3.5562,0.5261,89099,0.6193,1,1,0,1,185,168,0,0,0,0,0,0,0,0,0,0,0,0,1,1,0,1,185,168,381.5128
voxel_size,0.05,0.15,0.5,5,200,2.0,40.0,0,000010,253,65,9,0.1385,4.0512,1.0402,75669,0.4537,7,5,2,7,2649,2480,1,1,0,1,23,23,0,0,0,0,0,0,8,6,2,8,2672,2503,397.0954
voxel_size,0.05,0.15,0.5,5,200,2.0,40.0,0,000011,167,50,6,0.12,2.0041,1.6181,70510,0.3495,2,2,0,2,2051,1959,4,4,0,4,282,268,0,0,0,0,0,0,6,6,0,6,2333,2227,502.5435
voxel_size,0.05,0.15,0.5,5,200,2.0,40.0,0,000012,208,26,0,0.0,3.8866,0.568,74078,0.7906,0,0,0,0,0,0,0,0,0,0,0,0,0,0,0,0,0,0,0,0,0,0,0,0,259.2654
voxel_size,0.05,0.15,0.5,5,200,2.0,40.0,0,000015,192,72,3,0.0417,3.2694,1.6559,82371,0.3414,1,1,0,1,2613,2605,4,2,2,4,454,454,0,0,0,0,0,0,5,3,2,5,3067,3059,586.5786
voxel_size,0.05,0.15,0.5,5,200,2.0,40.0,0,000016,250,44,7,0.1591,3.3662,1.4864,74982,0.6249,3,3,0,3,3351,3176,0,0,0,0,0,0,0,0,0,0,0,0,3,3,0,3,3351,3176,327.2313
voxel_size,0.05,0.15,0.5,5,200,2.0,40.0,0,000019,162,31,3,0.0968,2.54,1.1803,78534,0.2822,3,2,1,3,5737,5676,0,0,0,0,0,0,0,0,0,0,0,0,3,2,1,3,5737,5676,537.3958
voxel_size,0.05,0.15,0.5,5,200,2.0,40.0,0,000021,108,36,10,0.2778,2.1865,1.8682,87266,0.2856,7,6,1,7,2191,1958,0,0,0,0,0,0,1,1,0,1,645,554,8,7,1,8,2836,2512,595.008
voxel_size,0.05,0.15,0.5,5,200,2.0,40.0,0,000023,217,50,0,0.0,3.8791,1.4635,86483,0.4843,0,0,0,0,0,0,0,0,0,0,0,0,0,0,0,0,0,0,0,0,0,0,0,0,412.1324
voxel_size,0.05,0.15,0.5,5,200,2.0,40.0,0,000025,130,31,3,0.0968,2.2254,1.9924,77544,0.2356,5,3,2,5,1982,1831,0,0,0,0,0,0,0,0,0,0,0,0,5,3,2,5,1982,1831,626.3338
voxel_size,0.05,0.15,0.5,5,200,2.0,40.0,0,000031,137,42,8,0.1905,2.3118,1.7273,82011,0.3211,5,5,0,5,2540,2480,0,0,0,0,0,0,0,0,0,0,0,0,5,5,0,5,2540,2480,596.3519
voxel_size,0.05,0.15,0.5,5,200,2.0,40.0,0,000032,137,32,11,0.3438,2.7931,0.8683,81168,0.2872,7,7,0,7,3935,3918,0,0,0,0,0,0,0,0,0,0,0,0,7,7,0,7,3935,3918,557.5278
voxel_size,0.05,0.15,0.5,5,200,2.0,40.0,0,000043,141,60,1,0.0167,2.8216,0.9822,80824,0.3632,0,0,0,0,0,0,4,2,2,4,497,470,0,0,0,0,0,0,4,2,2,4,497,470,539.4193
voxel_size,0.05,0.15,0.5,5,200,2.0,40.0,0,000048,275,95,3,0.0316,2.0366,1.5494,84834,0.2284,0,0,0,0,0,0,3,3,0,3,385,363,1,1,0,1,39,29,4,4,0,4,424,392,719.3654
voxel_size,0.05,0.15,0.5,5,200,2.0,40.0,0,000049,146,55,21,0.3818,2.4238,1.7103,75568,0.3337,14,14,0,14,3686,3617,2,1,1,2,615,591,0,0,0,0,0,0,16,15,1,16,4301,4208,574.0645
voxel_size,0.05,0.15,0.5,5,200,2.0,40.0,0,000061,124,25,5,0.2,7.5554,1.0404,87870,0.3843,3,1,2,3,1481,1319,0,0,0,0,0,0,0,0,0,0,0,0,3,1,2,3,1481,1319,587.7041
voxel_size,0.1,0.15,0.5,5,200,2.0,40.0,0,000001,225,59,0,0.0,3.9457,1.8569,59616,0.4282,0,0,0,0,0,0,0,0,0,0,0,0,0,0,0,0,0,0,0,0,0,0,0,0,324.0506
voxel_size,0.1,0.15,0.5,5,200,2.0,40.0,0,000004,178,51,1,0.0196,4.8423,0.6397,53341,0.4589,0,0,0,0,0,0,0,0,0,0,0,0,0,0,0,0,0,0,0,0,0,0,0,0,282.3945
voxel_size,0.1,0.15,0.5,5,200,2.0,40.0,0,000007,257,49,2,0.0408,3.7799,0.5724,63706,0.4827,1,1,0,1,140,140,0,0,0,0,0,0,1,1,0,1,25,25,2,2,0,2,165,165,345.461
voxel_size,0.1,0.15,0.5,5,200,2.0,40.0,0,000008,136,32,5,0.1562,3.2158,0.6693,53096,0.2398,6,3,3,6,2503,2480,0,0,0,0,0,0,0,0,0,0,0,0,6,3,3,6,2503,2480,411.599
voxel_size,0.1,0.15,0.5,5,200,2.0,40.0,0,000009,115,39,1,0.0256,3.5672,0.6566,58558,0.5449,1,1,0,1,148,134,0,0,0,0,0,0,0,0,0,0,0,0,1,1,0,1,148,134,257.8474
voxel_size,0.1,0.15,0.5,5,200,2.0,40.0,0,000010,264,66,13,0.197,4.02,1.6728,48636,0.3815,7,5,2,7,1591,1448,1,1,0,1,19,19,0,0,0,0,0,0,8,6,2,8,1610,1467,257.3608
voxel_size,0.1,0.15,0.5,5,200,2.0,40.0,0,000011,148,48,6,0.125,2.0172,1.8235,40479,0.3434,2,2,0,2,959,934,4,4,0,4,212,203,0,0,0,0,0,0,6,6,0,6,1171,1137,245.3087
voxel_size,0.1,0.15,0.5,5,200,2.0,40.0,0,000012,232,28,0,0.0,5.2751,0.521,48658,0.7092,0,0,0,0,0,0,0,0,0,0,0,0,0,0,0,0,0,0,0,0,0,0,0,0,202.0591
voxel_size,0.1,0.15,0.5,5,200,2.0,40.0,0,000015,201,80,3,0.0375,3.2694,1.5551,46656,0.3302,1,1,0,1,1019,979,4,3,1,4,301,294,0,0,0,0,0,0,5,4,1,5,1320,1273,264.6685
voxel_size,0.1,0.15,0.5,5,200,2.0,40.0,0,000016,279,48,8,0.1667,3.3662,1.8598,48342,0.5594,3,3,0,3,2509,2403,0,0,0,0,0,0,0,0,0,0,0,0,3,3,0,3,2509,2403,230.0024
voxel_size,0.1,0.15,0.5,5,200,2.0,40.0,0,000019,155,20,3,0.15,2.5674,2.6034,49125,0.2489,3,3,0,3,2473,2403,0,0,0,0,0,0,0,0,0,0,0,0,3,3,0,3,2473,2403,291.256
voxel_size,0.1,0.15,0.5,5,200,2.0,40.0,0,000021,101,30,11,0.3667,2.1865,1.2597,51337,0.2779,7,7,0,7,1733,1703,0,0,0,0,0,0,1,1,0,1,291,268,8,8,0,8,2024,1971,282.9566
voxel_size,0.1,0.15,0.5,5,200,2.0,40.0,0,000023,216,53,0,0.0,3.9186,1.8521,60041,0.4229,0,0,0,0,0,0,0,0,0,0,0,0,0,0,0,0,0,0,0,0,0,0,0,0,296.5451
voxel_size,0.1,0.15,0.5,5,200,2.0,40.0,0,000025,114,23,4,0.1739,2.2254,1.0376,48977,0.1659,5,4,1,5,1125,1123,0,0,0,0,0,0,0,0,0,0,0,0,5,4,1,5,1125,1123,292.2363
voxel_size,0.1,0.15,0.5,5,200,2.0,40.0,0,000031,129,39,8,0.2051,2.3414,0.8582,49088,0.2942,5,5,0,5,1705,1653,0,0,0,0,0,0,0,0,0,0,0,0,5,5,0,5,1705,1653,277.2784
voxel_size,0.1,0.15,0.5,5,200,2.0,40.0,0,000032,136,28,10,0.3571,2.8113,1.2745,49647,0.2931,7,7,0,7,2631,2591,0,0,0,0,0,0,0,0,0,0,0,0,7,7,0,7,2631,2591,333.2565
voxel_size,0.1,0.15,0.5,5,200,2.0,40.0,0,000043,137,58,1,0.0172,2.8424,0.9856,44666,0.3481,0,0,0,0,0,0,4,2,2,4,348,324,0,0,0,0,0,0,4,2,2,4,348,324,264.5094
voxel_size,0.1,0.15,0.5,5,200,2.0,40.0,0,000048,249,79,3,0.038,2.0535,1.6009,49901,0.2419,0,0,0,0,0,0,3,3,0,3,276,272,1,1,0,1,39,39,4,4,0,4,315,311,330.4393
voxel_size,0.1,0.15,0.5,5,200,2.0,40.0,0,000049,147,56,22,0.3929,2.4238,1.7485,45792,0.2873,14,14,0,14,2759,2742,2,1,1,2,277,272,0,0,0,0,0,0,16,15,1,16,3036,3014,281.3653
voxel_size,0.1,0.15,0.5,5,200,2.0,40.0,0,000061,113,23,2,0.087,7.5554,0.7454,55956,0.3582,3,0,3,3,1021,925,0,0,0,0,0,0,0,0,0,0,0,0,3,0,3,3,1021,925,297.1343
voxel_size,0.2,0.15,0.5,5,200,2.0,40.0,0,000001,196,54,0,0.0,3.9727,1.7508,33630,0.3864,0,0,0,0,0,0,0,0,0,0,0,0,0,0,0,0,0,0,0,0,0,0,0,0,196.3904
voxel_size,0.2,0.15,0.5,5,200,2.0,40.0,0,000004,172,60,1,0.0167,4.9448,0.6098,28331,0.4198,0,0,0,0,0,0,0,0,0,0,0,0,0,0,0,0,0,0,0,0,0,0,0,0,173.9053
voxel_size,0.2,0.15,0.5,5,200,2.0,40.0,0,000007,267,96,2,0.0208,3.803,0.9069,36068,0.4361,1,1,0,1,74,61,0,0,0,0,0,0,1,1,0,1,23,20,2,2,0,2,97,81,190.0129
voxel_size,0.2,0.15,0.5,5,200,2.0,40.0,0,000008,139,46,5,0.1087,3.2158,1.5014,26336,0.2068,6,4,2,6,967,812,0,0,0,0,0,0,0,0,0,0,0,0,6,4,2,6,967,812,166.7512
voxel_size,0.2,0.15,0.5,5,200,2.0,40.0,0,000009,116,41,1,0.0244,3.5562,0.6384,29839,0.5171,1,1,0,1,77,67,0,0,0,0,0,0,0,0,0,0,0,0,1,1,0,1,77,67,156.3398
voxel_size,0.2,0.15,0.5,5,200,2.0,40.0,0,000010,249,61,11,0.1803,3.9844,1.3335,25305,0.342,7,6,1,6,728,662,1,1,0,1,17,17,0,0,0,0,0,0,8,7,1,7,745,679,252.1692
voxel_size,0.2,0.15,0.5,5,200,2.0,40.0,0,000011,140,48,6,0.125,2.0337,1.6365,18924,0.3733,2,2,0,2,375,360,4,4,0,4,122,114,0,0,0,0,0,0,6,6,0,6,497,474,244.4933
voxel_size,0.2,0.15,0.5,5,200,2.0,40.0,0,000012,212,25,0,0.0,4.958,0.6229,26623,0.664,0,0,0,0,0,0,0,0,0,0,0,0,0,0,0,0,0,0,0,0,0,0,0,0,207.603
voxel_size,0.2,0.15,0.5,5,200,2.0,40.0,0,000015,211,68,1,0.0147,3.2694,1.592,21586,0.2778,1,1,0,1,314,313,4,1,3,4,145,145,0,0,0,0,0,0,5,2,3,5,459,458,189.8894
voxel_size,0.2,0.15,0.5,5,200,2.0,40.0,0,000016,225,39,9,0.2308,3.4775,1.6129,25451,0.538,3,3,0,3,1445,1348,0,0,0,0,0,0,0,0,0,0,0,0,3,3,0,3,1445,1348,167.1886
voxel_size,0.2,0.15,0.5,5,200,2.0,40.0,0,000019,139,16,3,0.1875,2.6224,2.0367,23523,0.2723,3,3,0,3,853,839,0,0,0,0,0,0,0,0,0,0,0,0,3,3,0,3,853,839,182.9774
voxel_size,0.2,0.15,0.5,5,200,2.0,40.0,0,000021,91,34,12,0.3529,2.2714,2.4268,22428,0.2643,7,7,0,7,918,900,0,0,0,0,0,0,1,0,1,1,93,93,8,7,1,8,1011,993,164.8543
voxel_size,0.2,0.15,0.5,5,200,2.0,40.0,0,000023,190,43,0,0.0,3.927,1.9937,33897,0.3626,0,0,0,0,0,0,0,0,0,0,0,0,0,0,0,0,0,0,0,0,0,0,0,0,213.0958
voxel_size,0.2,0.15,0.5,5,200,2.0,40.0,0,000025,129,30,3,0.1,2.2254,2.1664,24065,0.2032,5,4,1,5,510,477,0,0,0,0,0,0,0,0,0,0,0,0,5,4,1,5,510,477,196.4245
voxel_size,0.2,0.15,0.5,5,200,2.0,40.0,0,000031,130,48,8,0.1667,2.3239,0.7994,23509,0.2905,5,4,1,5,830,804,0,0,0,0,0,0,0,0,0,0,0,0,5,4,1,5,830,804,224.9633
voxel_size,0.2,0.15,0.5,5,200,2.0,40.0,0,000032,124,27,10,0.3704,2.8554,1.3598,22608,0.282,7,7,0,7,1252,1231,0,0,0,0,0,0,0,0,0,0,0,0,7,7,0,7,1252,1231,218.3405
voxel_size,0.2,0.15,0.5,5,200,2.0,40.0,0,000043,124,48,1,0.0208,2.8722,1.7839,19373,0.3074,0,0,0,0,0,0,4,2,2,4,155,148,0,0,0,0,0,0,4,2,2,4,155,148,232.6797
voxel_size,0.2,0.15,0.5,5,200,2.0,40.0,0,000048,228,79,3,0.038,2.0369,1.1057,22496,0.2286,0,0,0,0,0,0,3,3,0,3,134,134,1,1,0,1,35,35,4,4,0,4,169,169,273.3939
voxel_size,0.2,0.15,0.5,5,200,2.0,40.0,0,000049,128,51,19,0.3725,2.4678,1.6396,21048,0.2966,14,14,0,14,1406,1400,2,1,1,2,100,99,0,0,0,0,0,0,16,15,1,16,1506,1499,234.6009
voxel_size,0.2,0.15,0.5,5,200,2.0,40.0,0,000061,136,30,6,0.2,6.9457,0.6098,27372,0.3307,3,2,1,3,532,486,0,0,0,0,0,0,0,0,0,0,0,0,3,2,1,3,532,486,285.5476
voxel_size,0.3,0.15,0.5,5,200,2.0,40.0,0,000001,256,65,0,0.0,3.9457,2.1509,21837,0.3375,0,0,0,0,0,0,0,0,0,0,0,0,0,0,0,0,0,0,0,0,0,0,0,0,436.1444
voxel_size,0.3,0.15,0.5,5,200,2.0,40.0,0,000004,162,36,1,0.0278,4.8449,0.6824,17565,0.4266,0,0,0,0,0,0,0,0,0,0,0,0,0,0,0,0,0,0,0,0,0,0,0,0,361.8725
voxel_size,0.3,0.15,0.5,5,200,2.0,40.0,0,000007,206,35,2,0.0571,3.8427,0.6102,22919,0.4435,1,1,0,1,50,50,0,0,0,0,0,0,1,1,0,1,16,16,2,2,0,2,66,66,204.2647
voxel_size,0.3,0.15,0.5,5,200,2.0,40.0,0,000008,154,63,9,0.1429,3.2158,1.5846,15670,0.2211,6,6,0,5,538,452,0,0,0,0,0,0,0,0,0,0,0,0,6,6,0,5,538,452,507.7203
voxel_size,0.3,0.15,0.5,5,200,2.0,40.0,0,000009,101,23,1,0.0435,3.6257,0.6604,18189,0.546,1,1,0,1,48,40,0,0,0,0,0,0,0,0,0,0,0,0,1,1,0,1,48,40,355.5949
voxel_size,0.3,0.15,0.5,5,200,2.0,40.0,0,000010,277,73,10,0.137,3.9924,1.0646,16295,0.3135,7,4,2,6,430,343,0,0,0,0,0,0,0,0,0,0,0,0,7,4,2,6,430,343,305.7182
voxel_size,0.3,0.15,0.5,5,200,2.0,40.0,0,000011,136,47,7,0.1489,2.0553,1.7436,11312,0.3838,2,2,0,2,219,212,4,4,0,4,78,71,0,0,0,0,0,0,6,6,0,6,297,283,207.3309
voxel_size,0.3,0.15,0.5,5,200,2.0,40.0,0,000012,227,26,0,0.0,5.3358,0.6628,17486,0.6502,0,0,0,0,0,0,0,0,0,0,0,0,0,0,0,0,0,0,0,0,0,0,0,0,221.251
voxel_size,0.3,0.15,0.5,5,200,2.0,40.0,0,000015,198,74,3,0.0405,3.2694,1.8612,12784,0.3387,1,1,0,1,165,159,4,4,0,4,90,83,0,0,0,0,0,0,5,5,0,5,255,242,202.4371
voxel_size,0.3,0.15,0.5,5,200,2.0,40.0,0,000016,247,55,6,0.1091,3.4344,1.5153,15838,0.535,3,3,0,3,831,779,0,0,0,0,0,0,0,0,0,0,0,0,3,3,0,3,831,779,182.6086
voxel_size,0.3,0.15,0.5,5,200,2.0,40.0,0,000019,147,23,3,0.1304,2.5723,1.1714,13795,0.281,3,3,0,3,419,418,0,0,0,0,0,0,0,0,0,0,0,0,3,3,0,3,419,418,258.3339
voxel_size,0.3,0.15,0.5,5,200,2.0,40.0,0,000021,143,67,13,0.194,2.1865,1.5282,12883,0.3047,7,7,0,5,552,475,0,0,0,0,0,0,1,1,0,1,48,40,8,8,0,6,600,515,261.9579
voxel_size,0.3,0.15,0.5,5,200,2.0,40.0,0,000023,206,36,0,0.0,3.9713,1.7532,21861,0.3766,0,0,0,0,0,0,0,0,0,0,0,0,0,0,0,0,0,0,0,0,0,0,0,0,271.2818
voxel_size,0.3,0.15,0.5,5,200,2.0,40.0,0,000025,146,54,4,0.0741,2.2254,1.5286,14230,0.2027,5,4,1,5,294,258,0,0,0,0,0,0,0,0,0,0,0,0,5,4,1,5,294,258,357.8369
voxel_size,0.3,0.15,0.5,5,200,2.0,40.0,0,000031,139,48,6,0.125,2.3414,0.4862,13842,0.2684,5,4,1,5,508,502,0,0,0,0,0,0,0,0,0,0,0,0,5,4,1,5,508,502,356.002
voxel_size,0.3,0.15,0.5,5,200,2.0,40.0,0,000032,131,31,11,0.3548,2.8323,0.9307,12775,0.3104,7,7,0,7,726,711,0,0,0,0,0,0,0,0,0,0,0,0,7,7,0,7,726,711,306.5267
voxel_size,0.3,0.15,0.5,5,200,2.0,40.0,0,000043,118,41,2,0.0488,2.8696,0.8727,11184,0.3742,0,0,0,0,0,0,4,3,1,4,88,85,0,0,0,0,0,0,4,3,1,4,88,85,329.3926
voxel_size,0.3,0.15,0.5,5,200,2.0,40.0,0,000048,226,69,3,0.0435,2.0667,1.0316,13151,0.2338,0,0,0,0,0,0,3,3,0,3,77,75,1,1,0,1,25,23,4,4,0,4,102,98,359.3283
voxel_size,0.3,0.15,0.5,5,200,2.0,40.0,0,000049,128,47,18,0.383,2.4238,1.6355,12409,0.3054,14,13,0,13,861,851,2,1,1,2,56,52,0,0,0,0,0,0,16,14,1,15,917,903,271.3802
voxel_size,0.3,0.15,0.5,5,200,2.0,40.0,0,000061,206,86,8,0.093,7.2974,0.9574,16342,0.3383,3,3,0,3,294,279,0,0,0,0,0,0,0,0,0,0,0,0,3,3,0,3,294,279,283.3191
voxel_size,0.4,0.15,0.5,5,200,2.0,40.0,0,000001,172,35,0,0.0,3.981,2.086,15278,0.379,0,0,0,0,0,0,0,0,0,0,0,0,0,0,0,0,0,0,0,0,0,0,0,0,341.2855
voxel_size,0.4,0.15,0.5,5,200,2.0,40.0,0,000004,189,50,0,0.0,5.5646,0.9516,12037,0.4098,0,0,0,0,0,0,0,0,0,0,0,0,0,0,0,0,0,0,0,0,0,0,0,0,263.4564
voxel_size,0.4,0.15,0.5,5,200,2.0,40.0,0,000007,199,50,2,0.04,3.8235,0.8701,15717,0.4502,1,1,0,1,35,30,0,0,0,0,0,0,1,1,0,1,15,15,2,2,0,2,50,45,480.1449
voxel_size,0.4,0.15,0.5,5,200,2.0,40.0,0,000008,145,39,8,0.2051,3.3561,0.9205,10566,0.2551,6,6,0,6,346,334,0,0,0,0,0,0,0,0,0,0,0,0,6,6,0,6,346,334,405.8615
voxel_size,0.4,0.15,0.5,5,200,2.0,40.0,0,000009,92,14,1,0.0714,3.6417,0.7456,12322,0.5445,1,1,0,1,41,35,0,0,0,0,0,0,0,0,0,0,0,0,1,1,0,1,41,35,469.4347
voxel_size,0.4,0.15,0.5,5,200,2.0,40.0,0,000010,255,61,12,0.1967,4.0553,1.2608,11047,0.3095,7,6,1,4,297,233,0,0,0,0,0,0,0,0,0,0,0,0,7,6,1,4,297,233,500.6288
voxel_size,0.4,0.15,0.5,5,200,2.0,40.0,0,000011,136,37,6,0.1622,2.0556,1.9509,7648,0.3983,2,2,0,2,138,130,3,3,0,3,40,37,0,0,0,0,0,0,5,5,0,5,178,167,220.0128
voxel_size,0.4,0.15,0.5,5,200,2.0,40.0,0,000012,164,19,0,0.0,5.2895,0.6954,12748,0.6396,0,0,0,0,0,0,0,0,0,0,0,0,0,0,0,0,0,0,0,0,0,0,0,0,324.6202
voxel_size,0.4,0.15,0.5,5,200,2.0,40.0,0,000015,188,65,4,0.0615,3.2694,1.8115,8611,0.347,1,1,0,1,107,106,4,4,0,4,58,58,0,0,0,0,0,0,5,5,0,5,165,164,290.3754
voxel_size,0.4,0.15,0.5,5,200,2.0,40.0,0,000016,203,40,8,0.2,3.3662,1.4243,11083,0.5009,3,3,0,3,548,524,0,0,0,0,0,0,0,0,0,0,0,0,3,3,0,3,548,524,312.3298
voxel_size,0.4,0.15,0.5,5,200,2.0,40.0,0,000019,152,19,4,0.2105,2.6296,2.164,9089,0.2911,3,3,0,3,263,252,0,0,0,0,0,0,0,0,0,0,0,0,3,3,0,3,263,252,392.5289
voxel_size,0.4,0.15,0.5,5,200,2.0,40.0,0,000021,103,42,16,0.381,2.1865,1.7383,8441,0.2897,7,7,0,4,420,379,0,0,0,0,0,0,1,1,0,1,25,23,8,8,0,5,445,402,266.7017
voxel_size,0.4,0.15,0.5,5,200,2.0,40.0,0,000023,172,36,0,0.0,3.981,1.8255,15449,0.3741,0,0,0,0,0,0,0,0,0,0,0,0,0,0,0,0,0,0,0,0,0,0,0,0,345.7983
voxel_size,0.4,0.15,0.5,5,200,2.0,40.0,0,000025,152,30,6,0.2,2.3523,0.9725,9429,0.2099,5,5,0,5,198,194,0,0,0,0,0,0,0,0,0,0,0,0,5,5,0,5,198,194,309.5301
voxel_size,0.4,0.15,0.5,5,200,2.0,40.0,0,000031,146,55,14,0.2545,2.4111,0.7664,9420,0.2845,5,5,0,5,308,294,0,0,0,0,0,0,0,0,0,0,0,0,5,5,0,5,308,294,314.9282
voxel_size,0.4,0.15,0.5,5,200,2.0,40.0,0,000032,139,31,12,0.3871,2.8252,1.3126,8435,0.2766,7,7,0,7,462,461,0,0,0,0,0,0,0,0,0,0,0,0,7,7,0,7,462,461,249.8927
voxel_size,0.4,0.15,0.5,5,200,2.0,40.0,0,000043,119,32,2,0.0625,2.8494,0.7534,7324,0.3579,0,0,0,0,0,0,4,4,0,4,58,58,0,0,0,0,0,0,4,4,0,4,58,58,175.651
voxel_size,0.4,0.15,0.5,5,200,2.0,40.0,0,000048,208,71,3,0.0423,2.1707,1.5608,8825,0.2436,0,0,0,0,0,0,3,3,0,3,57,53,1,1,0,1,14,12,4,4,0,4,71,65,241.7964
voxel_size,0.4,0.15,0.5,5,200,2.0,40.0,0,000049,127,54,26,0.4815,2.5382,1.2837,8232,0.3705,13,12,0,12,576,563,2,1,1,2,34,30,0,0,0,0,0,0,15,13,1,14,610,593,203.6189
voxel_size,0.4,0.15,0.5,5,200,2.0,40.0,0,000061,165,41,4,0.0976,6.0186,0.438,10784,0.2658,3,3,0,2,189,168,0,0,0,0,0,0,0,0,0,0,0,0,3,3,0,2,189,168,241.5929
eps,0.1,0.15,0.3,5,200,2.0,40.0,0,000001,525,103,0,0.0,3.9457,1.8569,59616,0.4282,0,0,0,0,0,0,0,0,0,0,0,0,0,0,0,0,0,0,0,0,0,0,0,0,545.7063
eps,0.1,0.15,0.3,5,200,2.0,40.0,0,000004,377,91,1,0.011,4.8423,0.6397,53341,0.4589,0,0,0,0,0,0,0,0,0,0,0,0,0,0,0,0,0,0,0,0,0,0,0,0,395.7886
eps,0.1,0.15,0.3,5,200,2.0,40.0,0,000007,491,104,4,0.0385,3.7799,0.5724,63706,0.4827,1,1,0,1,140,140,0,0,0,0,0,0,1,1,0,1,25,25,2,2,0,2,165,165,508.0923
eps,0.1,0.15,0.3,5,200,2.0,40.0,0,000008,312,74,12,0.1622,3.2158,0.6693,53096,0.2398,6,6,0,6,2503,2480,0,0,0,0,0,0,0,0,0,0,0,0,6,6,0,6,2503,2480,570.4186
eps,0.1,0.15,0.3,5,200,2.0,40.0,0,000009,193,52,1,0.0192,3.5672,0.6566,58558,0.5449,1,1,0,1,148,134,0,0,0,0,0,0,0,0,0,0,0,0,1,1,0,1,148,134,675.7409
eps,0.1,0.15,0.3,5,200,2.0,40.0,0,000010,485,119,27,0.2269,4.02,1.6728,48636,0.3815,7,7,0,5,1591,1448,1,1,0,1,19,19,0,0,0,0,0,0,8,8,0,6,1610,1467,774.1874
eps,0.1,0.15,0.3,5,200,2.0,40.0,0,000011,256,71,7,0.0986,2.0172,1.8235,40479,0.3434,2,2,0,2,959,934,4,4,0,4,212,203,0,0,0,0,0,0,6,6,0,6,1171,1137,360.1852
eps,0.1,0.15,0.3,5,200,2.0,40.0,0,000012,399,41,0,0.0,5.2751,0.521,48658,0.7092,0,0,0,0,0,0,0,0,0,0,0,0,0,0,0,0,0,0,0,0,0,0,0,0,343.9374
eps,0.1,0.15,0.3,5,200,2.0,40.0,0,000015,332,116,8,0.069,3.2694,1.5551,46656,0.3302,1,1,0,1,1019,979,4,4,0,4,301,294,0,0,0,0,0,0,5,5,0,5,1320,1273,368.8837
eps,0.1,0.15,0.3,5,200,2.0,40.0,0,000016,442,72,17,0.2361,3.3662,1.8598,48342,0.5594,3,3,0,3,2509,2403,0,0,0,0,0,0,0,0,0,0,0,0,3,3,0,3,2509,2403,322.3032
eps,0.1,0.15,0.3,5,200,2.0,40.0,0,000019,274,41,5,0.122,2.5674,2.6034,49125,0.2489,3,3,0,3,2473,2403,0,0,0,0,0,0,0,0,0,0,0,0,3,3,0,3,2473,2403,333.913
eps,0.1,0.15,0.3,5,200,2.0,40.0,0,000021,227,78,23,0.2949,2.1865,1.2597,51337,0.2779,7,7,0,7,1733,1703,0,0,0,0,0,0,1,1,0,1,291,268,8,8,0,8,2024,1971,345.7521
eps,0.1,0.15,0.3,5,200,2.0,40.0,0,000023,498,92,0,0.0,3.9186,1.8521,60041,0.4229,0,0,0,0,0,0,0,0,0,0,0,0,0,0,0,0,0,0,0,0,0,0,0,0,549.7072
eps,0.1,0.15,0.3,5,200,2.0,40.0,0,000025,283,54,10,0.1852,2.3634,1.0376,48977,0.1659,5,5,0,5,1125,1123,0,0,0,0,0,0,0,0,0,0,0,0,5,5,0,5,1125,1123,350.5271
eps,0.1,0.15,0.3,5,200,2.0,40.0,0,000031,296,68,11,0.1618,2.3414,0.8582,49088,0.2942,5,5,0,5,1705,1653,0,0,0,0,0,0,0,0,0,0,0,0,5,5,0,5,1705,1653,376.2557
eps,0.1,0.15,0.3,5,200,2.0,40.0,0,000032,249,52,21,0.4038,2.8113,1.2745,49647,0.2931,7,7,0,7,2631,2591,0,0,0,0,0,0,0,0,0,0,0,0,7,7,0,7,2631,2591,409.3461
eps,0.1,0.15,0.3,5,200,2.0,40.0,0,000043,237,93,4,0.043,2.8424,0.9856,44666,0.3481,0,0,0,0,0,0,4,4,0,4,348,324,0,0,0,0,0,0,4,4,0,4,348,324,473.8485
eps,0.1,0.15,0.3,5,200,2.0,40.0,0,000048,356,112,3,0.0268,2.0535,1.6009,49901,0.2419,0,0,0,0,0,0,3,3,0,3,276,272,1,1,0,1,39,39,4,4,0,4,315,311,502.4416
eps,0.1,0.15,0.3,5,200,2.0,40.0,0,000049,227,87,35,0.4023,2.4238,1.7485,45792,0.2873,14,14,0,14,2759,2742,2,1,1,2,277,272,0,0,0,0,0,0,16,15,1,16,3036,3014,377.2244
eps,0.1,0.15,0.3,5,200,2.0,40.0,0,000061,302,81,14,0.1728,7.5554,0.7454,55956,0.3582,3,3,0,3,1021,925,0,0,0,0,0,0,0,0,0,0,0,0,3,3,0,3,1021,925,480.4072
eps,0.1,0.15,0.5,5,200,2.0,40.0,0,000001,225,59,0,0.0,3.9457,1.8569,59616,0.4282,0,0,0,0,0,0,0,0,0,0,0,0,0,0,0,0,0,0,0,0,0,0,0,0,326.0937
eps,0.1,0.15,0.5,5,200,2.0,40.0,0,000004,178,51,1,0.0196,4.8423,0.6397,53341,0.4589,0,0,0,0,0,0,0,0,0,0,0,0,0,0,0,0,0,0,0,0,0,0,0,0,276.6572
eps,0.1,0.15,0.5,5,200,2.0,40.0,0,000007,257,49,2,0.0408,3.7799,0.5724,63706,0.4827,1,1,0,1,140,140,0,0,0,0,0,0,1,1,0,1,25,25,2,2,0,2,165,165,360.9118
eps,0.1,0.15,0.5,5,200,2.0,40.0,0,000008,136,32,5,0.1562,3.2158,0.6693,53096,0.2398,6,3,3,6,2503,2480,0,0,0,0,0,0,0,0,0,0,0,0,6,3,3,6,2503,2480,404.1689
eps,0.1,0.15,0.5,5,200,2.0,40.0,0,000009,115,39,1,0.0256,3.5672,0.6566,58558,0.5449,1,1,0,1,148,134,0,0,0,0,0,0,0,0,0,0,0,0,1,1,0,1,148,134,304.94
eps,0.1,0.15,0.5,5,200,2.0,40.0,0,000010,264,66,13,0.197,4.02,1.6728,48636,0.3815,7,5,2,7,1591,1448,1,1,0,1,19,19,0,0,0,0,0,0,8,6,2,8,1610,1467,356.6243
eps,0.1,0.15,0.5,5,200,2.0,40.0,0,000011,148,48,6,0.125,2.0172,1.8235,40479,0.3434,2,2,0,2,959,934,4,4,0,4,212,203,0,0,0,0,0,0,6,6,0,6,1171,1137,292.0656
eps,0.1,0.15,0.5,5,200,2.0,40.0,0,000012,232,28,0,0.0,5.2751,0.521,48658,0.7092,0,0,0,0,0,0,0,0,0,0,0,0,0,0,0,0,0,0,0,0,0,0,0,0,237.9195
eps,0.1,0.15,0.5,5,200,2.0,40.0,0,000015,201,80,3,0.0375,3.2694,1.5551,46656,0.3302,1,1,0,1,1019,979,4,3,1,4,301,294,0,0,0,0,0,0,5,4,1,5,1320,1273,297.2061
eps,0.1,0.15,0.5,5,200,2.0,40.0,0,000016,279,48,8,0.1667,3.3662,1.8598,48342,0.5594,3,3,0,3,2509,2403,0,0,0,0,0,0,0,0,0,0,0,0,3,3,0,3,2509,2403,255.3243
eps,0.1,0.15,0.5,5,200,2.0,40.0,0,000019,155,20,3,0.15,2.5674,2.6034,49125,0.2489,3,3,0,3,2473,2403,0,0,0,0,0,0,0,0,0,0,0,0,3,3,0,3,2473,2403,339.6516
eps,0.1,0.15,0.5,5,200,2.0,40.0,0,000021,101,30,11,0.3667,2.1865,1.2597,51337,0.2779,7,7,0,7,1733,1703,0,0,0,0,0,0,1,1,0,1,291,268,8,8,0,8,2024,1971,325.1184
eps,0.1,0.15,0.5,5,200,2.0,40.0,0,000023,216,53,0,0.0,3.9186,1.8521,60041,0.4229,0,0,0,0,0,0,0,0,0,0,0,0,0,0,0,0,0,0,0,0,0,0,0,0,334.4516
eps,0.1,0.15,0.5,5,200,2.0,40.0,0,000025,114,23,4,0.1739,2.2254,1.0376,48977,0.1659,5,4,1,5,1125,1123,0,0,0,0,0,0,0,0,0,0,0,0,5,4,1,5,1125,1123,462.4979
eps,0.1,0.15,0.5,5,200,2.0,40.0,0,000031,129,39,8,0.2051,2.3414,0.8582,49088,0.2942,5,5,0,5,1705,1653,0,0,0,0,0,0,0,0,0,0,0,0,5,5,0,5,1705,1653,333.478
eps,0.1,0.15,0.5,5,200,2.0,40.0,0,000032,136,28,10,0.3571,2.8113,1.2745,49647,0.2931,7,7,0,7,2631,2591,0,0,0,0,0,0,0,0,0,0,0,0,7,7,0,7,2631,2591,362.1674
eps,0.1,0.15,0.5,5,200,2.0,40.0,0,000043,137,58,1,0.0172,2.8424,0.9856,44666,0.3481,0,0,0,0,0,0,4,2,2,4,348,324,0,0,0,0,0,0,4,2,2,4,348,324,328.5047
eps,0.1,0.15,0.5,5,200,2.0,40.0,0,000048,249,79,3,0.038,2.0535,1.6009,49901,0.2419,0,0,0,0,0,0,3,3,0,3,276,272,1,1,0,1,39,39,4,4,0,4,315,311,421.5503
eps,0.1,0.15,0.5,5,200,2.0,40.0,0,000049,147,56,22,0.3929,2.4238,1.7485,45792,0.2873,14,14,0,14,2759,2742,2,1,1,2,277,272,0,0,0,0,0,0,16,15,1,16,3036,3014,297.9228
eps,0.1,0.15,0.5,5,200,2.0,40.0,0,000061,113,23,2,0.087,7.5554,0.7454,55956,0.3582,3,0,3,3,1021,925,0,0,0,0,0,0,0,0,0,0,0,0,3,0,3,3,1021,925,316.9986
eps,0.1,0.15,0.8,5,200,2.0,40.0,0,000001,105,26,0,0.0,3.9457,1.8569,59616,0.4282,0,0,0,0,0,0,0,0,0,0,0,0,0,0,0,0,0,0,0,0,0,0,0,0,369.6004
eps,0.1,0.15,0.8,5,200,2.0,40.0,0,000004,93,32,1,0.0312,4.8423,0.6397,53341,0.4589,0,0,0,0,0,0,0,0,0,0,0,0,0,0,0,0,0,0,0,0,0,0,0,0,376.573
eps,0.1,0.15,0.8,5,200,2.0,40.0,0,000007,170,37,2,0.0541,3.7799,0.5724,63706,0.4827,1,1,0,1,140,140,0,0,0,0,0,0,1,1,0,1,25,25,2,2,0,2,165,165,448.3397
eps,0.1,0.15,0.8,5,200,2.0,40.0,0,000008,70,14,3,0.2143,3.2158,0.6693,53096,0.2398,6,3,3,6,2503,2480,0,0,0,0,0,0,0,0,0,0,0,0,6,3,3,6,2503,2480,512.129
eps,0.1,0.15,0.8,5,200,2.0,40.0,0,000009,68,27,1,0.037,3.5672,0.6566,58558,0.5449,1,1,0,1,148,134,0,0,0,0,0,0,0,0,0,0,0,0,1,1,0,1,148,134,388.6142
eps,0.1,0.15,0.8,5,200,2.0,40.0,0,000010,140,31,6,0.1935,4.02,1.6728,48636,0.3815,7,4,3,7,1591,1448,1,1,0,1,19,19,0,0,0,0,0,0,8,5,3,8,1610,1467,347.7631
eps,0.1,0.15,0.8,5,200,2.0,40.0,0,000011,105,37,3,0.0811,2.0172,1.8235,40479,0.3434,2,2,0,2,959,934,4,2,2,4,212,203,0,0,0,0,0,0,6,4,2,6,1171,1137,403.4227
eps,0.1,0.15,0.8,5,200,2.0,40.0,0,000012,136,21,0,0.0,5.2751,0.521,48658,0.7092,0,0,0,0,0,0,0,0,0,0,0,0,0,0,0,0,0,0,0,0,0,0,0,0,445.8911
eps,0.1,0.15,0.8,5,200,2.0,40.0,0,000015,133,49,1,0.0204,3.2694,1.5551,46656,0.3302,1,1,0,1,1019,979,4,2,2,4,301,294,0,0,0,0,0,0,5,3,2,5,1320,1273,461.9729
eps,0.1,0.15,0.8,5,200,2.0,40.0,0,000016,175,38,6,0.1579,3.3662,1.8598,48342,0.5594,3,3,0,3,2509,2403,0,0,0,0,0,0,0,0,0,0,0,0,3,3,0,3,2509,2403,571.3935
eps,0.1,0.15,0.8,5,200,2.0,40.0,0,000019,72,8,0,0.0,2.5674,2.6034,49125,0.2489,3,0,3,3,2473,2403,0,0,0,0,0,0,0,0,0,0,0,0,3,0,3,3,2473,2403,568.3551
eps,0.1,0.15,0.8,5,200,2.0,40.0,0,000021,53,16,6,0.375,2.1865,1.2597,51337,0.2779,7,5,2,7,1733,1703,0,0,0,0,0,0,1,1,0,1,291,268,8,6,2,8,2024,1971,663.7485
eps,0.1,0.15,0.8,5,200,2.0,40.0,0,000023,115,26,0,0.0,3.9186,1.8521,60041,0.4229,0,0,0,0,0,0,0,0,0,0,0,0,0,0,0,0,0,0,0,0,0,0,0,0,1267.1357
eps,0.1,0.15,0.8,5,200,2.0,40.0,0,000025,57,15,3,0.2,2.2254,1.0376,48977,0.1659,5,4,1,5,1125,1123,0,0,0,0,0,0,0,0,0,0,0,0,5,4,1,5,1125,1123,593.4969
eps,0.1,0.15,0.8,5,200,2.0,40.0,0,000031,68,22,6,0.2727,2.3414,0.8582,49088,0.2942,5,5,0,5,1705,1653,0,0,0,0,0,0,0,0,0,0,0,0,5,5,0,5,1705,1653,532.0769
eps,0.1,0.15,0.8,5,200,2.0,40.0,0,000032,90,16,9,0.5625,2.8113,1.2745,49647,0.2931,7,7,0,7,2631,2591,0,0,0,0,0,0,0,0,0,0,0,0,7,7,0,7,2631,2591,411.4496
eps,0.1,0.15,0.8,5,200,2.0,40.0,0,000043,88,37,1,0.027,2.8424,0.9856,44666,0.3481,0,0,0,0,0,0,4,2,2,4,348,324,0,0,0,0,0,0,4,2,2,4,348,324,785.8812
eps,0.1,0.15,0.8,5,200,2.0,40.0,0,000048,153,55,3,0.0545,2.0535,1.6009,49901,0.2419,0,0,0,0,0,0,3,3,0,3,276,272,1,1,0,1,39,39,4,4,0,4,315,311,938.9658
eps,0.1,0.15,0.8,5,200,2.0,40.0,0,000049,105,45,19,0.4222,2.4238,1.7485,45792,0.2873,14,14,0,14,2759,2742,2,1,1,2,277,272,0,0,0,0,0,0,16,15,1,16,3036,3014,707.7078
eps,0.1,0.15,0.8,5,200,2.0,40.0,0,000061,49,4,0,0.0,7.5554,0.7454,55956,0.3582,3,0,3,3,1021,925,0,0,0,0,0,0,0,0,0,0,0,0,3,0,3,3,1021,925,774.6966
eps,0.1,0.15,1.2,5,200,2.0,40.0,0,000001,59,17,0,0.0,3.9457,1.8569,59616,0.4282,0,0,0,0,0,0,0,0,0,0,0,0,0,0,0,0,0,0,0,0,0,0,0,0,768.7631
eps,0.1,0.15,1.2,5,200,2.0,40.0,0,000004,62,25,1,0.04,4.8423,0.6397,53341,0.4589,0,0,0,0,0,0,0,0,0,0,0,0,0,0,0,0,0,0,0,0,0,0,0,0,468.9008
eps,0.1,0.15,1.2,5,200,2.0,40.0,0,000007,87,27,2,0.0741,3.7799,0.5724,63706,0.4827,1,1,0,1,140,140,0,0,0,0,0,0,1,1,0,1,25,25,2,2,0,2,165,165,592.3222
eps,0.1,0.15,1.2,5,200,2.0,40.0,0,000008,41,9,2,0.2222,3.2158,0.6693,53096,0.2398,6,2,4,6,2503,2480,0,0,0,0,0,0,0,0,0,0,0,0,6,2,4,6,2503,2480,941.1251
eps,0.1,0.15,1.2,5,200,2.0,40.0,0,000009,37,15,1,0.0667,3.5672,0.6566,58558,0.5449,1,1,0,1,148,134,0,0,0,0,0,0,0,0,0,0,0,0,1,1,0,1,148,134,703.6337
eps,0.1,0.15,1.2,5,200,2.0,40.0,0,000010,88,23,5,0.2174,4.02,1.6728,48636,0.3815,7,3,4,7,1591,1448,1,1,0,1,19,19,0,0,0,0,0,0,8,4,4,8,1610,1467,738.1798
eps,0.1,0.15,1.2,5,200,2.0,40.0,0,000011,73,29,3,0.1034,2.0172,1.8235,40479,0.3434,2,2,0,2,959,934,4,2,2,4,212,203,0,0,0,0,0,0,6,4,2,6,1171,1137,1010.583
eps,0.1,0.15,1.2,5,200,2.0,40.0,0,000012,95,19,0,0.0,5.2751,0.521,48658,0.7092,0,0,0,0,0,0,0,0,0,0,0,0,0,0,0,0,0,0,0,0,0,0,0,0,681.1994
eps,0.1,0.15,1.2,5,200,2.0,40.0,0,000015,79,31,1,0.0323,3.2694,1.5551,46656,0.3302,1,0,1,1,1019,979,4,2,2,4,301,294,0,0,0,0,0,0,5,2,3,5,1320,1273,1347.8654
eps,0.1,0.15,1.2,5,200,2.0,40.0,0,000016,113,22,3,0.1364,3.3662,1.8598,48342,0.5594,3,3,0,3,2509,2403,0,0,0,0,0,0,0,0,0,0,0,0,3,3,0,3,2509,2403,575.9846
eps,0.1,0.15,1.2,5,200,2.0,40.0,0,000019,39,5,0,0.0,2.5674,2.6034,49125,0.2489,3,0,3,3,2473,2403,0,0,0,0,0,0,0,0,0,0,0,0,3,0,3,3,2473,2403,1451.7988
eps,0.1,0.15,1.2,5,200,2.0,40.0,0,000021,32,10,4,0.4,2.1865,1.2597,51337,0.2779,7,4,3,7,1733,1703,0,0,0,0,0,0,1,1,0,1,291,268,8,5,3,8,2024,1971,951.4083
eps,0.1,0.15,1.2,5,200,2.0,40.0,0,000023,53,12,0,0.0,3.9186,1.8521,60041,0.4229,0,0,0,0,0,0,0,0,0,0,0,0,0,0,0,0,0,0,0,0,0,0,0,0,990.758
eps,0.1,0.15,1.2,5,200,2.0,40.0,0,000025,29,10,2,0.2,2.2254,1.0376,48977,0.1659,5,3,2,5,1125,1123,0,0,0,0,0,0,0,0,0,0,0,0,5,3,2,5,1125,1123,953.4353
eps,0.1,0.15,1.2,5,200,2.0,40.0,0,000031,46,14,5,0.3571,2.3414,0.8582,49088,0.2942,5,5,0,5,1705,1653,0,0,0,0,0,0,0,0,0,0,0,0,5,5,0,5,1705,1653,1335.4799
eps,0.1,0.15,1.2,5,200,2.0,40.0,0,000032,53,9,8,0.8889,2.8113,1.2745,49647,0.2931,7,6,1,7,2631,2591,0,0,0,0,0,0,0,0,0,0,0,0,7,6,1,7,2631,2591,953.0322
eps,0.1,0.15,1.2,5,200,2.0,40.0,0,000043,60,26,0,0.0,2.8424,0.9856,44666,0.3481,0,0,0,0,0,0,4,0,4,4,348,324,0,0,0,0,0,0,4,0,4,4,348,324,581.721
eps,0.1,0.15,1.2,5,200,2.0,40.0,0,000048,81,27,2,0.0741,2.0535,1.6009,49901,0.2419,0,0,0,0,0,0,3,2,1,3,276,272,1,1,0,1,39,39,4,3,1,4,315,311,881.5051
eps,0.1,0.15,1.2,5,200,2.0,40.0,0,000049,76,33,15,0.4545,2.4238,1.7485,45792,0.2873,14,13,1,14,2759,2742,2,1,1,2,277,272,0,0,0,0,0,0,16,14,2,16,3036,3014,556.6236
eps,0.1,0.15,1.2,5,200,2.0,40.0,0,000061,23,2,0,0.0,7.5554,0.7454,55956,0.3582,3,0,3,3,1021,925,0,0,0,0,0,0,0,0,0,0,0,0,3,0,3,3,1021,925,643.8561
