frame,dt,plane_z_at_sensor,tilt_deg,plane_shift_m,cut_height_m,ground_ratio
000001,0.05,-1.751,0.913,0.0,0.05,0.219
000001,0.1,-1.675,1.857,0.075,0.175,0.324
000001,0.15,-1.675,1.857,0.075,0.225,0.428
000001,0.2,-1.675,1.857,0.075,0.275,0.518
000001,0.3,-1.621,2.305,0.13,0.43,0.585
000001,0.5,-1.527,2.585,0.223,0.723,0.653
000004,0.05,-1.749,0.548,0.0,0.05,0.247
000004,0.1,-1.749,0.64,-0.001,0.099,0.396
000004,0.15,-1.749,0.64,-0.001,0.149,0.459
000004,0.2,-1.681,0.668,0.067,0.267,0.499
000004,0.3,-1.615,1.612,0.133,0.433,0.56
000004,0.5,-1.512,1.661,0.237,0.737,0.67
000007,0.05,-1.773,0.828,0.0,0.05,0.257
000007,0.1,-1.792,0.572,-0.019,0.081,0.388
000007,0.15,-1.792,0.572,-0.019,0.131,0.483
000007,0.2,-1.773,0.828,0.0,0.2,0.546
000007,0.3,-1.773,0.828,0.0,0.3,0.622
000007,0.5,-1.732,0.501,0.041,0.541,0.687
000008,0.05,-1.626,1.871,0.0,0.05,0.112
000008,0.1,-1.626,1.871,0.0,0.1,0.175
000008,0.15,-1.843,0.669,-0.217,-0.067,0.24
000008,0.2,-1.843,0.669,-0.217,-0.017,0.278
000008,0.3,-1.734,0.655,-0.108,0.192,0.326
000008,0.5,-1.25,2.452,0.376,0.876,0.447
000009,0.05,-1.74,0.554,0.0,0.05,0.356
000009,0.1,-1.72,0.657,0.02,0.12,0.493
000009,0.15,-1.72,0.657,0.02,0.17,0.545
000009,0.2,-1.664,0.527,0.076,0.276,0.576
000009,0.3,-1.621,0.727,0.119,0.419,0.613
000009,0.5,-1.621,0.727,0.119,0.619,0.65
000010,0.05,-1.734,0.416,0.0,0.05,0.214
000010,0.1,-1.68,1.03,0.054,0.154,0.295
000010,0.15,-1.686,1.673,0.048,0.198,0.382
000010,0.2,-1.686,1.673,0.048,0.248,0.431
000010,0.3,-1.556,0.957,0.178,0.478,0.541
000010,0.5,-1.444,0.586,0.29,0.79,0.702
000011,0.05,-1.777,1.823,0.0,0.05,0.24
000011,0.1,-1.777,1.823,0.0,0.1,0.311
000011,0.15,-1.777,1.823,0.0,0.15,0.343
000011,0.2,-1.746,1.556,0.031,0.231,0.362
000011,0.3,-1.746,1.556,0.031,0.331,0.385
000011,0.5,-1.645,2.052,0.132,0.632,0.445
000012,0.05,-1.756,0.419,0.0,0.05,0.502
000012,0.1,-1.756,0.419,0.0,0.1,0.63
000012,0.15,-1.719,0.521,0.037,0.187,0.709
000012,0.2,-1.743,0.779,0.013,0.213,0.771
000012,0.3,-1.724,1.008,0.031,0.331,0.814
000012,0.5,-1.631,0.981,0.125,0.625,0.849
000015,0.05,-1.73,1.26,0.0,0.05,0.178
000015,0.1,-1.665,1.555,0.066,0.166,0.281
000015,0.15,-1.665,1.555,0.066,0.216,0.33
000015,0.2,-1.665,1.555,0.066,0.266,0.361
000015,0.3,-1.569,1.248,0.162,0.462,0.41
000015,0.5,-1.569,1.248,0.162,0.662,0.479
000016,0.05,-1.594,2.16,0.0,0.05,0.281
000016,0.1,-1.557,1.962,0.037,0.137,0.433
000016,0.15,-1.598,1.86,-0.004,0.146,0.559
000016,0.2,-1.545,1.69,0.049,0.249,0.667
000016,0.3,-1.491,1.197,0.103,0.403,0.782
000016,0.5,-1.327,1.16,0.267,0.767,0.856
000019,0.05,-1.665,1.329,0.0,0.05,0.109
000019,0.1,-1.573,2.275,0.092,0.192,0.191
000019,0.15,-1.562,2.603,0.102,0.252,0.249
000019,0.2,-1.562,2.603,0.102,0.302,0.29
000019,0.3,-1.665,1.329,0.0,0.3,0.371
000019,0.5,-1.178,2.955,0.487,0.987,0.475
000021,0.05,-1.742,1.26,0.0,0.05,0.141
000021,0.1,-1.742,1.26,0.0,0.1,0.229
000021,0.15,-1.742,1.26,0.0,0.15,0.278
000021,0.2,-1.676,1.86,0.065,0.265,0.334
000021,0.3,-1.676,1.86,0.065,0.365,0.399
000021,0.5,-1.383,1.917,0.359,0.859,0.537
000023,0.05,-1.753,0.745,0.0,0.05,0.217
000023,0.1,-1.689,2.138,0.064,0.164,0.328
000023,0.15,-1.656,1.852,0.097,0.247,0.423
000023,0.2,-1.656,1.852,0.097,0.297,0.51
000023,0.3,-1.616,1.942,0.137,0.437,0.586
000023,0.5,-1.483,3.422,0.269,0.769,0.636
000025,0.05,-1.729,1.038,0.0,0.05,0.092
000025,0.1,-1.729,1.038,0.0,0.1,0.131
000025,0.15,-1.729,1.038,0.0,0.15,0.166
000025,0.2,-1.189,3.253,0.54,0.74,0.2
000025,0.3,-1.189,3.253,0.54,0.84,0.277
000025,0.5,-1.026,3.595,0.703,1.203,0.417
000031,0.05,-1.715,0.829,0.0,0.05,0.139
000031,0.1,-1.694,0.858,0.022,0.122,0.217
000031,0.15,-1.694,0.858,0.022,0.172,0.294
000031,0.2,-1.694,0.858,0.022,0.222,0.331
000031,0.3,-1.694,0.858,0.022,0.322,0.396
000031,0.5,-1.521,1.871,0.195,0.695,0.52
000032,0.05,-1.779,1.006,0.0,0.05,0.179
000032,0.1,-1.779,0.873,0.0,0.1,0.241
000032,0.15,-1.726,1.274,0.053,0.203,0.293
000032,0.2,-1.726,1.274,0.053,0.253,0.321
000032,0.3,-1.683,1.265,0.096,0.396,0.361
000032,0.5,-1.433,0.411,0.345,0.845,0.486
000043,0.05,-1.757,1.887,0.0,0.05,0.212
000043,0.1,-1.648,0.986,0.109,0.209,0.304
000043,0.15,-1.648,0.986,0.109,0.259,0.348
000043,0.2,-1.648,0.986,0.109,0.309,0.374
000043,0.3,-1.512,1.408,0.245,0.545,0.43
000043,0.5,-1.377,2.21,0.38,0.88,0.533
000048,0.05,-1.782,1.181,0.0,0.05,0.147
000048,0.1,-1.708,1.601,0.074,0.174,0.199
000048,0.15,-1.708,1.601,0.074,0.224,0.242
000048,0.2,-1.708,1.601,0.074,0.274,0.264
000048,0.3,-1.537,1.09,0.245,0.545,0.331
000048,0.5,-1.269,0.667,0.513,1.013,0.441
000049,0.05,-1.748,1.749,0.0,0.05,0.203
000049,0.1,-1.748,1.749,0.0,0.1,0.253
000049,0.15,-1.748,1.749,0.0,0.15,0.287
000049,0.2,-1.611,1.172,0.137,0.337,0.338
000049,0.3,-1.611,1.172,0.137,0.437,0.386
000049,0.5,-1.424,2.402,0.325,0.825,0.483
000061,0.05,-1.78,0.745,0.0,0.05,0.215
000061,0.1,-1.78,0.745,0.0,0.1,0.306
000061,0.15,-1.78,0.745,0.0,0.15,0.358
000061,0.2,-1.817,0.782,-0.037,0.163,0.388
000061,0.3,-1.803,1.306,-0.023,0.277,0.445
000061,0.5,-1.674,1.536,0.106,0.606,0.539
